"","V1","V2","V3","V4","V5","V6","V7","V8","V9","V10","V11","V12","V13","V14","V15","V16","V17","V18","V19","V20","V21","V22","V23","V24","V25","V26","V27","V28","V29","V30"
"1",0,0,1,0,7,0,0,0,14,0,9,0,3,0,4,1,0,9,0,0,0,0,0,0,0,0,6,0,0,0
"2",2,0,0,1,0,7,0,0,0,14,0,9,0,3,0,4,1,0,9,0,0,0,0,0,0,0,0,6,0,0
"3",12,2,0,0,1,0,7,0,0,0,14,0,9,0,3,0,4,1,0,9,0,0,0,0,0,0,0,0,6,0
"4",0,12,2,0,0,1,0,7,0,0,0,14,0,9,0,3,0,4,1,0,9,0,0,0,0,0,0,0,0,6
"5",1,0,12,2,0,0,1,0,7,0,0,0,14,0,9,0,3,0,4,1,0,9,0,0,0,0,0,0,0,0
"6",0,1,0,12,2,0,0,1,0,7,0,0,0,14,0,9,0,3,0,4,1,0,9,0,0,0,0,0,0,0
"7",0,0,1,0,12,2,0,0,1,0,7,0,0,0,14,0,9,0,3,0,4,1,0,9,0,0,0,0,0,0
"8",2,0,0,1,0,12,2,0,0,1,0,7,0,0,0,14,0,9,0,3,0,4,1,0,9,0,0,0,0,0
"9",0,2,0,0,1,0,12,2,0,0,1,0,7,0,0,0,14,0,9,0,3,0,4,1,0,9,0,0,0,0
"10",0,0,2,0,0,1,0,12,2,0,0,1,0,7,0,0,0,14,0,9,0,3,0,4,1,0,9,0,0,0
"11",0,0,0,2,0,0,1,0,12,2,0,0,1,0,7,0,0,0,14,0,9,0,3,0,4,1,0,9,0,0
"12",0,0,0,0,2,0,0,1,0,12,2,0,0,1,0,7,0,0,0,14,0,9,0,3,0,4,1,0,9,0
"13",0,0,0,0,0,2,0,0,1,0,12,2,0,0,1,0,7,0,0,0,14,0,9,0,3,0,4,1,0,9
"14",7,0,0,0,0,0,2,0,0,1,0,12,2,0,0,1,0,7,0,0,0,14,0,9,0,3,0,4,1,0
"15",0,7,0,0,0,0,0,2,0,0,1,0,12,2,0,0,1,0,7,0,0,0,14,0,9,0,3,0,4,1
"16",3,0,7,0,0,0,0,0,2,0,0,1,0,12,2,0,0,1,0,7,0,0,0,14,0,9,0,3,0,4
"17",2,3,0,7,0,0,0,0,0,2,0,0,1,0,12,2,0,0,1,0,7,0,0,0,14,0,9,0,3,0
"18",0,2,3,0,7,0,0,0,0,0,2,0,0,1,0,12,2,0,0,1,0,7,0,0,0,14,0,9,0,3
"19",0,0,2,3,0,7,0,0,0,0,0,2,0,0,1,0,12,2,0,0,1,0,7,0,0,0,14,0,9,0
"20",0,0,0,2,3,0,7,0,0,0,0,0,2,0,0,1,0,12,2,0,0,1,0,7,0,0,0,14,0,9
"21",0,0,0,0,2,3,0,7,0,0,0,0,0,2,0,0,1,0,12,2,0,0,1,0,7,0,0,0,14,0
"22",0,0,0,0,0,2,3,0,7,0,0,0,0,0,2,0,0,1,0,12,2,0,0,1,0,7,0,0,0,14
"23",0,0,0,0,0,0,2,3,0,7,0,0,0,0,0,2,0,0,1,0,12,2,0,0,1,0,7,0,0,0
"24",0,0,0,0,0,0,0,2,3,0,7,0,0,0,0,0,2,0,0,1,0,12,2,0,0,1,0,7,0,0
"25",0,0,0,0,0,0,0,0,2,3,0,7,0,0,0,0,0,2,0,0,1,0,12,2,0,0,1,0,7,0
"26",11,0,0,0,0,0,0,0,0,2,3,0,7,0,0,0,0,0,2,0,0,1,0,12,2,0,0,1,0,7
"27",0,11,0,0,0,0,0,0,0,0,2,3,0,7,0,0,0,0,0,2,0,0,1,0,12,2,0,0,1,0
"28",0,0,11,0,0,0,0,0,0,0,0,2,3,0,7,0,0,0,0,0,2,0,0,1,0,12,2,0,0,1
"29",0,0,0,11,0,0,0,0,0,0,0,0,2,3,0,7,0,0,0,0,0,2,0,0,1,0,12,2,0,0
"30",4,0,0,0,11,0,0,0,0,0,0,0,0,2,3,0,7,0,0,0,0,0,2,0,0,1,0,12,2,0
"31",0,4,0,0,0,11,0,0,0,0,0,0,0,0,2,3,0,7,0,0,0,0,0,2,0,0,1,0,12,2
"32",0,0,4,0,0,0,11,0,0,0,0,0,0,0,0,2,3,0,7,0,0,0,0,0,2,0,0,1,0,12
"33",0,0,0,4,0,0,0,11,0,0,0,0,0,0,0,0,2,3,0,7,0,0,0,0,0,2,0,0,1,0
"34",0,0,0,0,4,0,0,0,11,0,0,0,0,0,0,0,0,2,3,0,7,0,0,0,0,0,2,0,0,1
"35",5,0,0,0,0,4,0,0,0,11,0,0,0,0,0,0,0,0,2,3,0,7,0,0,0,0,0,2,0,0
"36",0,5,0,0,0,0,4,0,0,0,11,0,0,0,0,0,0,0,0,2,3,0,7,0,0,0,0,0,2,0
"37",0,0,5,0,0,0,0,4,0,0,0,11,0,0,0,0,0,0,0,0,2,3,0,7,0,0,0,0,0,2
"38",0,0,0,5,0,0,0,0,4,0,0,0,11,0,0,0,0,0,0,0,0,2,3,0,7,0,0,0,0,0
"39",0,0,0,0,5,0,0,0,0,4,0,0,0,11,0,0,0,0,0,0,0,0,2,3,0,7,0,0,0,0
"40",2,0,0,0,0,5,0,0,0,0,4,0,0,0,11,0,0,0,0,0,0,0,0,2,3,0,7,0,0,0
"41",0,2,0,0,0,0,5,0,0,0,0,4,0,0,0,11,0,0,0,0,0,0,0,0,2,3,0,7,0,0
"42",0,0,2,0,0,0,0,5,0,0,0,0,4,0,0,0,11,0,0,0,0,0,0,0,0,2,3,0,7,0
"43",4,0,0,2,0,0,0,0,5,0,0,0,0,4,0,0,0,11,0,0,0,0,0,0,0,0,2,3,0,7
"44",0,4,0,0,2,0,0,0,0,5,0,0,0,0,4,0,0,0,11,0,0,0,0,0,0,0,0,2,3,0
"45",0,0,4,0,0,2,0,0,0,0,5,0,0,0,0,4,0,0,0,11,0,0,0,0,0,0,0,0,2,3
"46",9,0,0,4,0,0,2,0,0,0,0,5,0,0,0,0,4,0,0,0,11,0,0,0,0,0,0,0,0,2
"47",0,9,0,0,4,0,0,2,0,0,0,0,5,0,0,0,0,4,0,0,0,11,0,0,0,0,0,0,0,0
"48",0,0,9,0,0,4,0,0,2,0,0,0,0,5,0,0,0,0,4,0,0,0,11,0,0,0,0,0,0,0
"49",0,0,0,9,0,0,4,0,0,2,0,0,0,0,5,0,0,0,0,4,0,0,0,11,0,0,0,0,0,0
"50",0,0,0,0,9,0,0,4,0,0,2,0,0,0,0,5,0,0,0,0,4,0,0,0,11,0,0,0,0,0
"51",0,0,0,0,0,9,0,0,4,0,0,2,0,0,0,0,5,0,0,0,0,4,0,0,0,11,0,0,0,0
"52",0,0,0,0,0,0,9,0,0,4,0,0,2,0,0,0,0,5,0,0,0,0,4,0,0,0,11,0,0,0
"53",0,0,0,0,0,0,0,9,0,0,4,0,0,2,0,0,0,0,5,0,0,0,0,4,0,0,0,11,0,0
"54",0,0,0,0,0,0,0,0,9,0,0,4,0,0,2,0,0,0,0,5,0,0,0,0,4,0,0,0,11,0
"55",0,0,0,0,0,0,0,0,0,9,0,0,4,0,0,2,0,0,0,0,5,0,0,0,0,4,0,0,0,11
"56",0,0,0,0,0,0,0,0,0,0,9,0,0,4,0,0,2,0,0,0,0,5,0,0,0,0,4,0,0,0
"57",6,0,0,0,0,0,0,0,0,0,0,9,0,0,4,0,0,2,0,0,0,0,5,0,0,0,0,4,0,0
"58",1,6,0,0,0,0,0,0,0,0,0,0,9,0,0,4,0,0,2,0,0,0,0,5,0,0,0,0,4,0
"59",0,1,6,0,0,0,0,0,0,0,0,0,0,9,0,0,4,0,0,2,0,0,0,0,5,0,0,0,0,4
"60",0,0,1,6,0,0,0,0,0,0,0,0,0,0,9,0,0,4,0,0,2,0,0,0,0,5,0,0,0,0
"61",1,0,0,1,6,0,0,0,0,0,0,0,0,0,0,9,0,0,4,0,0,2,0,0,0,0,5,0,0,0
"62",0,1,0,0,1,6,0,0,0,0,0,0,0,0,0,0,9,0,0,4,0,0,2,0,0,0,0,5,0,0
"63",1,0,1,0,0,1,6,0,0,0,0,0,0,0,0,0,0,9,0,0,4,0,0,2,0,0,0,0,5,0
"64",0,1,0,1,0,0,1,6,0,0,0,0,0,0,0,0,0,0,9,0,0,4,0,0,2,0,0,0,0,5
"65",11,0,1,0,1,0,0,1,6,0,0,0,0,0,0,0,0,0,0,9,0,0,4,0,0,2,0,0,0,0
"66",0,11,0,1,0,1,0,0,1,6,0,0,0,0,0,0,0,0,0,0,9,0,0,4,0,0,2,0,0,0
"67",1,0,11,0,1,0,1,0,0,1,6,0,0,0,0,0,0,0,0,0,0,9,0,0,4,0,0,2,0,0
"68",4,1,0,11,0,1,0,1,0,0,1,6,0,0,0,0,0,0,0,0,0,0,9,0,0,4,0,0,2,0
"69",0,4,1,0,11,0,1,0,1,0,0,1,6,0,0,0,0,0,0,0,0,0,0,9,0,0,4,0,0,2
"70",8,0,4,1,0,11,0,1,0,1,0,0,1,6,0,0,0,0,0,0,0,0,0,0,9,0,0,4,0,0
"71",0,8,0,4,1,0,11,0,1,0,1,0,0,1,6,0,0,0,0,0,0,0,0,0,0,9,0,0,4,0
"72",5,0,8,0,4,1,0,11,0,1,0,1,0,0,1,6,0,0,0,0,0,0,0,0,0,0,9,0,0,4
"73",14,5,0,8,0,4,1,0,11,0,1,0,1,0,0,1,6,0,0,0,0,0,0,0,0,0,0,9,0,0
"74",0,14,5,0,8,0,4,1,0,11,0,1,0,1,0,0,1,6,0,0,0,0,0,0,0,0,0,0,9,0
"75",0,0,14,5,0,8,0,4,1,0,11,0,1,0,1,0,0,1,6,0,0,0,0,0,0,0,0,0,0,9
"76",10,0,0,14,5,0,8,0,4,1,0,11,0,1,0,1,0,0,1,6,0,0,0,0,0,0,0,0,0,0
"77",0,10,0,0,14,5,0,8,0,4,1,0,11,0,1,0,1,0,0,1,6,0,0,0,0,0,0,0,0,0
"78",1,0,10,0,0,14,5,0,8,0,4,1,0,11,0,1,0,1,0,0,1,6,0,0,0,0,0,0,0,0
"79",0,1,0,10,0,0,14,5,0,8,0,4,1,0,11,0,1,0,1,0,0,1,6,0,0,0,0,0,0,0
"80",0,0,1,0,10,0,0,14,5,0,8,0,4,1,0,11,0,1,0,1,0,0,1,6,0,0,0,0,0,0
"81",0,0,0,1,0,10,0,0,14,5,0,8,0,4,1,0,11,0,1,0,1,0,0,1,6,0,0,0,0,0
"82",0,0,0,0,1,0,10,0,0,14,5,0,8,0,4,1,0,11,0,1,0,1,0,0,1,6,0,0,0,0
"83",5,0,0,0,0,1,0,10,0,0,14,5,0,8,0,4,1,0,11,0,1,0,1,0,0,1,6,0,0,0
"84",0,5,0,0,0,0,1,0,10,0,0,14,5,0,8,0,4,1,0,11,0,1,0,1,0,0,1,6,0,0
"85",0,0,5,0,0,0,0,1,0,10,0,0,14,5,0,8,0,4,1,0,11,0,1,0,1,0,0,1,6,0
"86",9,0,0,5,0,0,0,0,1,0,10,0,0,14,5,0,8,0,4,1,0,11,0,1,0,1,0,0,1,6
"87",0,9,0,0,5,0,0,0,0,1,0,10,0,0,14,5,0,8,0,4,1,0,11,0,1,0,1,0,0,1
"88",0,0,9,0,0,5,0,0,0,0,1,0,10,0,0,14,5,0,8,0,4,1,0,11,0,1,0,1,0,0
"89",0,0,0,9,0,0,5,0,0,0,0,1,0,10,0,0,14,5,0,8,0,4,1,0,11,0,1,0,1,0
"90",0,0,0,0,9,0,0,5,0,0,0,0,1,0,10,0,0,14,5,0,8,0,4,1,0,11,0,1,0,1
"91",0,0,0,0,0,9,0,0,5,0,0,0,0,1,0,10,0,0,14,5,0,8,0,4,1,0,11,0,1,0
"92",0,0,0,0,0,0,9,0,0,5,0,0,0,0,1,0,10,0,0,14,5,0,8,0,4,1,0,11,0,1
"93",0,0,0,0,0,0,0,9,0,0,5,0,0,0,0,1,0,10,0,0,14,5,0,8,0,4,1,0,11,0
"94",4,0,0,0,0,0,0,0,9,0,0,5,0,0,0,0,1,0,10,0,0,14,5,0,8,0,4,1,0,11
"95",3,4,0,0,0,0,0,0,0,9,0,0,5,0,0,0,0,1,0,10,0,0,14,5,0,8,0,4,1,0
"96",2,3,4,0,0,0,0,0,0,0,9,0,0,5,0,0,0,0,1,0,10,0,0,14,5,0,8,0,4,1
"97",0,2,3,4,0,0,0,0,0,0,0,9,0,0,5,0,0,0,0,1,0,10,0,0,14,5,0,8,0,4
"98",0,0,2,3,4,0,0,0,0,0,0,0,9,0,0,5,0,0,0,0,1,0,10,0,0,14,5,0,8,0
"99",0,0,0,2,3,4,0,0,0,0,0,0,0,9,0,0,5,0,0,0,0,1,0,10,0,0,14,5,0,8
"100",1,0,0,0,2,3,4,0,0,0,0,0,0,0,9,0,0,5,0,0,0,0,1,0,10,0,0,14,5,0
"101",0,1,0,0,0,2,3,4,0,0,0,0,0,0,0,9,0,0,5,0,0,0,0,1,0,10,0,0,14,5
"102",0,0,1,0,0,0,2,3,4,0,0,0,0,0,0,0,9,0,0,5,0,0,0,0,1,0,10,0,0,14
"103",0,0,0,1,0,0,0,2,3,4,0,0,0,0,0,0,0,9,0,0,5,0,0,0,0,1,0,10,0,0
"104",6,0,0,0,1,0,0,0,2,3,4,0,0,0,0,0,0,0,9,0,0,5,0,0,0,0,1,0,10,0
"105",0,6,0,0,0,1,0,0,0,2,3,4,0,0,0,0,0,0,0,9,0,0,5,0,0,0,0,1,0,10
"106",21,0,6,0,0,0,1,0,0,0,2,3,4,0,0,0,0,0,0,0,9,0,0,5,0,0,0,0,1,0
"107",0,21,0,6,0,0,0,1,0,0,0,2,3,4,0,0,0,0,0,0,0,9,0,0,5,0,0,0,0,1
"108",3,0,21,0,6,0,0,0,1,0,0,0,2,3,4,0,0,0,0,0,0,0,9,0,0,5,0,0,0,0
"109",3,3,0,21,0,6,0,0,0,1,0,0,0,2,3,4,0,0,0,0,0,0,0,9,0,0,5,0,0,0
"110",2,3,3,0,21,0,6,0,0,0,1,0,0,0,2,3,4,0,0,0,0,0,0,0,9,0,0,5,0,0
"111",0,2,3,3,0,21,0,6,0,0,0,1,0,0,0,2,3,4,0,0,0,0,0,0,0,9,0,0,5,0
"112",0,0,2,3,3,0,21,0,6,0,0,0,1,0,0,0,2,3,4,0,0,0,0,0,0,0,9,0,0,5
"113",0,0,0,2,3,3,0,21,0,6,0,0,0,1,0,0,0,2,3,4,0,0,0,0,0,0,0,9,0,0
"114",0,0,0,0,2,3,3,0,21,0,6,0,0,0,1,0,0,0,2,3,4,0,0,0,0,0,0,0,9,0
"115",0,0,0,0,0,2,3,3,0,21,0,6,0,0,0,1,0,0,0,2,3,4,0,0,0,0,0,0,0,9
"116",0,0,0,0,0,0,2,3,3,0,21,0,6,0,0,0,1,0,0,0,2,3,4,0,0,0,0,0,0,0
"117",0,0,0,0,0,0,0,2,3,3,0,21,0,6,0,0,0,1,0,0,0,2,3,4,0,0,0,0,0,0
"118",11,0,0,0,0,0,0,0,2,3,3,0,21,0,6,0,0,0,1,0,0,0,2,3,4,0,0,0,0,0
"119",0,11,0,0,0,0,0,0,0,2,3,3,0,21,0,6,0,0,0,1,0,0,0,2,3,4,0,0,0,0
"120",0,0,11,0,0,0,0,0,0,0,2,3,3,0,21,0,6,0,0,0,1,0,0,0,2,3,4,0,0,0
"121",0,0,0,11,0,0,0,0,0,0,0,2,3,3,0,21,0,6,0,0,0,1,0,0,0,2,3,4,0,0
"122",0,0,0,0,11,0,0,0,0,0,0,0,2,3,3,0,21,0,6,0,0,0,1,0,0,0,2,3,4,0
"123",0,0,0,0,0,11,0,0,0,0,0,0,0,2,3,3,0,21,0,6,0,0,0,1,0,0,0,2,3,4
"124",17,0,0,0,0,0,11,0,0,0,0,0,0,0,2,3,3,0,21,0,6,0,0,0,1,0,0,0,2,3
"125",1,17,0,0,0,0,0,11,0,0,0,0,0,0,0,2,3,3,0,21,0,6,0,0,0,1,0,0,0,2
"126",0,1,17,0,0,0,0,0,11,0,0,0,0,0,0,0,2,3,3,0,21,0,6,0,0,0,1,0,0,0
"127",0,0,1,17,0,0,0,0,0,11,0,0,0,0,0,0,0,2,3,3,0,21,0,6,0,0,0,1,0,0
"128",7,0,0,1,17,0,0,0,0,0,11,0,0,0,0,0,0,0,2,3,3,0,21,0,6,0,0,0,1,0
"129",0,7,0,0,1,17,0,0,0,0,0,11,0,0,0,0,0,0,0,2,3,3,0,21,0,6,0,0,0,1
"130",0,0,7,0,0,1,17,0,0,0,0,0,11,0,0,0,0,0,0,0,2,3,3,0,21,0,6,0,0,0
"131",0,0,0,7,0,0,1,17,0,0,0,0,0,11,0,0,0,0,0,0,0,2,3,3,0,21,0,6,0,0
"132",0,0,0,0,7,0,0,1,17,0,0,0,0,0,11,0,0,0,0,0,0,0,2,3,3,0,21,0,6,0
"133",0,0,0,0,0,7,0,0,1,17,0,0,0,0,0,11,0,0,0,0,0,0,0,2,3,3,0,21,0,6
"134",0,0,0,0,0,0,7,0,0,1,17,0,0,0,0,0,11,0,0,0,0,0,0,0,2,3,3,0,21,0
"135",2,0,0,0,0,0,0,7,0,0,1,17,0,0,0,0,0,11,0,0,0,0,0,0,0,2,3,3,0,21
"136",0,2,0,0,0,0,0,0,7,0,0,1,17,0,0,0,0,0,11,0,0,0,0,0,0,0,2,3,3,0
"137",9,0,2,0,0,0,0,0,0,7,0,0,1,17,0,0,0,0,0,11,0,0,0,0,0,0,0,2,3,3
"138",0,9,0,2,0,0,0,0,0,0,7,0,0,1,17,0,0,0,0,0,11,0,0,0,0,0,0,0,2,3
"139",0,0,9,0,2,0,0,0,0,0,0,7,0,0,1,17,0,0,0,0,0,11,0,0,0,0,0,0,0,2
"140",0,0,0,9,0,2,0,0,0,0,0,0,7,0,0,1,17,0,0,0,0,0,11,0,0,0,0,0,0,0
"141",0,0,0,0,9,0,2,0,0,0,0,0,0,7,0,0,1,17,0,0,0,0,0,11,0,0,0,0,0,0
"142",0,0,0,0,0,9,0,2,0,0,0,0,0,0,7,0,0,1,17,0,0,0,0,0,11,0,0,0,0,0
"143",0,0,0,0,0,0,9,0,2,0,0,0,0,0,0,7,0,0,1,17,0,0,0,0,0,11,0,0,0,0
"144",0,0,0,0,0,0,0,9,0,2,0,0,0,0,0,0,7,0,0,1,17,0,0,0,0,0,11,0,0,0
"145",0,0,0,0,0,0,0,0,9,0,2,0,0,0,0,0,0,7,0,0,1,17,0,0,0,0,0,11,0,0
"146",1,0,0,0,0,0,0,0,0,9,0,2,0,0,0,0,0,0,7,0,0,1,17,0,0,0,0,0,11,0
"147",0,1,0,0,0,0,0,0,0,0,9,0,2,0,0,0,0,0,0,7,0,0,1,17,0,0,0,0,0,11
"148",0,0,1,0,0,0,0,0,0,0,0,9,0,2,0,0,0,0,0,0,7,0,0,1,17,0,0,0,0,0
"149",0,0,0,1,0,0,0,0,0,0,0,0,9,0,2,0,0,0,0,0,0,7,0,0,1,17,0,0,0,0
"150",5,0,0,0,1,0,0,0,0,0,0,0,0,9,0,2,0,0,0,0,0,0,7,0,0,1,17,0,0,0
"151",2,5,0,0,0,1,0,0,0,0,0,0,0,0,9,0,2,0,0,0,0,0,0,7,0,0,1,17,0,0
"152",0,2,5,0,0,0,1,0,0,0,0,0,0,0,0,9,0,2,0,0,0,0,0,0,7,0,0,1,17,0
"153",0,0,2,5,0,0,0,1,0,0,0,0,0,0,0,0,9,0,2,0,0,0,0,0,0,7,0,0,1,17
"154",0,0,0,2,5,0,0,0,1,0,0,0,0,0,0,0,0,9,0,2,0,0,0,0,0,0,7,0,0,1
"155",0,0,0,0,2,5,0,0,0,1,0,0,0,0,0,0,0,0,9,0,2,0,0,0,0,0,0,7,0,0
"156",0,0,0,0,0,2,5,0,0,0,1,0,0,0,0,0,0,0,0,9,0,2,0,0,0,0,0,0,7,0
"157",0,0,0,0,0,0,2,5,0,0,0,1,0,0,0,0,0,0,0,0,9,0,2,0,0,0,0,0,0,7
"158",0,0,0,0,0,0,0,2,5,0,0,0,1,0,0,0,0,0,0,0,0,9,0,2,0,0,0,0,0,0
"159",0,0,0,0,0,0,0,0,2,5,0,0,0,1,0,0,0,0,0,0,0,0,9,0,2,0,0,0,0,0
"160",2,0,0,0,0,0,0,0,0,2,5,0,0,0,1,0,0,0,0,0,0,0,0,9,0,2,0,0,0,0
"161",0,2,0,0,0,0,0,0,0,0,2,5,0,0,0,1,0,0,0,0,0,0,0,0,9,0,2,0,0,0
"162",0,0,2,0,0,0,0,0,0,0,0,2,5,0,0,0,1,0,0,0,0,0,0,0,0,9,0,2,0,0
"163",0,0,0,2,0,0,0,0,0,0,0,0,2,5,0,0,0,1,0,0,0,0,0,0,0,0,9,0,2,0
"164",0,0,0,0,2,0,0,0,0,0,0,0,0,2,5,0,0,0,1,0,0,0,0,0,0,0,0,9,0,2
"165",4,0,0,0,0,2,0,0,0,0,0,0,0,0,2,5,0,0,0,1,0,0,0,0,0,0,0,0,9,0
"166",0,4,0,0,0,0,2,0,0,0,0,0,0,0,0,2,5,0,0,0,1,0,0,0,0,0,0,0,0,9
"167",0,0,4,0,0,0,0,2,0,0,0,0,0,0,0,0,2,5,0,0,0,1,0,0,0,0,0,0,0,0
"168",0,0,0,4,0,0,0,0,2,0,0,0,0,0,0,0,0,2,5,0,0,0,1,0,0,0,0,0,0,0
"169",0,0,0,0,4,0,0,0,0,2,0,0,0,0,0,0,0,0,2,5,0,0,0,1,0,0,0,0,0,0
"170",0,0,0,0,0,4,0,0,0,0,2,0,0,0,0,0,0,0,0,2,5,0,0,0,1,0,0,0,0,0
"171",0,0,0,0,0,0,4,0,0,0,0,2,0,0,0,0,0,0,0,0,2,5,0,0,0,1,0,0,0,0
"172",0,0,0,0,0,0,0,4,0,0,0,0,2,0,0,0,0,0,0,0,0,2,5,0,0,0,1,0,0,0
"173",0,0,0,0,0,0,0,0,4,0,0,0,0,2,0,0,0,0,0,0,0,0,2,5,0,0,0,1,0,0
"174",0,0,0,0,0,0,0,0,0,4,0,0,0,0,2,0,0,0,0,0,0,0,0,2,5,0,0,0,1,0
"175",0,0,0,0,0,0,0,0,0,0,4,0,0,0,0,2,0,0,0,0,0,0,0,0,2,5,0,0,0,1
"176",0,0,0,0,0,0,0,0,0,0,0,4,0,0,0,0,2,0,0,0,0,0,0,0,0,2,5,0,0,0
"177",1,0,0,0,0,0,0,0,0,0,0,0,4,0,0,0,0,2,0,0,0,0,0,0,0,0,2,5,0,0
"178",1,1,0,0,0,0,0,0,0,0,0,0,0,4,0,0,0,0,2,0,0,0,0,0,0,0,0,2,5,0
"179",0,1,1,0,0,0,0,0,0,0,0,0,0,0,4,0,0,0,0,2,0,0,0,0,0,0,0,0,2,5
"180",11,0,1,1,0,0,0,0,0,0,0,0,0,0,0,4,0,0,0,0,2,0,0,0,0,0,0,0,0,2
"181",0,11,0,1,1,0,0,0,0,0,0,0,0,0,0,0,4,0,0,0,0,2,0,0,0,0,0,0,0,0
"182",0,0,11,0,1,1,0,0,0,0,0,0,0,0,0,0,0,4,0,0,0,0,2,0,0,0,0,0,0,0
"183",0,0,0,11,0,1,1,0,0,0,0,0,0,0,0,0,0,0,4,0,0,0,0,2,0,0,0,0,0,0
"184",0,0,0,0,11,0,1,1,0,0,0,0,0,0,0,0,0,0,0,4,0,0,0,0,2,0,0,0,0,0
"185",0,0,0,0,0,11,0,1,1,0,0,0,0,0,0,0,0,0,0,0,4,0,0,0,0,2,0,0,0,0
"186",0,0,0,0,0,0,11,0,1,1,0,0,0,0,0,0,0,0,0,0,0,4,0,0,0,0,2,0,0,0
"187",0,0,0,0,0,0,0,11,0,1,1,0,0,0,0,0,0,0,0,0,0,0,4,0,0,0,0,2,0,0
"188",0,0,0,0,0,0,0,0,11,0,1,1,0,0,0,0,0,0,0,0,0,0,0,4,0,0,0,0,2,0
"189",1,0,0,0,0,0,0,0,0,11,0,1,1,0,0,0,0,0,0,0,0,0,0,0,4,0,0,0,0,2
"190",0,1,0,0,0,0,0,0,0,0,11,0,1,1,0,0,0,0,0,0,0,0,0,0,0,4,0,0,0,0
"191",0,0,1,0,0,0,0,0,0,0,0,11,0,1,1,0,0,0,0,0,0,0,0,0,0,0,4,0,0,0
"192",0,0,0,1,0,0,0,0,0,0,0,0,11,0,1,1,0,0,0,0,0,0,0,0,0,0,0,4,0,0
"193",0,0,0,0,1,0,0,0,0,0,0,0,0,11,0,1,1,0,0,0,0,0,0,0,0,0,0,0,4,0
"194",0,0,0,0,0,1,0,0,0,0,0,0,0,0,11,0,1,1,0,0,0,0,0,0,0,0,0,0,0,4
"195",0,0,0,0,0,0,1,0,0,0,0,0,0,0,0,11,0,1,1,0,0,0,0,0,0,0,0,0,0,0
"196",0,0,0,0,0,0,0,1,0,0,0,0,0,0,0,0,11,0,1,1,0,0,0,0,0,0,0,0,0,0
"197",0,0,0,0,0,0,0,0,1,0,0,0,0,0,0,0,0,11,0,1,1,0,0,0,0,0,0,0,0,0
"198",12,0,0,0,0,0,0,0,0,1,0,0,0,0,0,0,0,0,11,0,1,1,0,0,0,0,0,0,0,0
"199",1,12,0,0,0,0,0,0,0,0,1,0,0,0,0,0,0,0,0,11,0,1,1,0,0,0,0,0,0,0
"200",0,1,12,0,0,0,0,0,0,0,0,1,0,0,0,0,0,0,0,0,11,0,1,1,0,0,0,0,0,0
"201",0,0,1,12,0,0,0,0,0,0,0,0,1,0,0,0,0,0,0,0,0,11,0,1,1,0,0,0,0,0
"202",4,0,0,1,12,0,0,0,0,0,0,0,0,1,0,0,0,0,0,0,0,0,11,0,1,1,0,0,0,0
"203",0,4,0,0,1,12,0,0,0,0,0,0,0,0,1,0,0,0,0,0,0,0,0,11,0,1,1,0,0,0
"204",0,0,4,0,0,1,12,0,0,0,0,0,0,0,0,1,0,0,0,0,0,0,0,0,11,0,1,1,0,0
"205",0,0,0,4,0,0,1,12,0,0,0,0,0,0,0,0,1,0,0,0,0,0,0,0,0,11,0,1,1,0
"206",0,0,0,0,4,0,0,1,12,0,0,0,0,0,0,0,0,1,0,0,0,0,0,0,0,0,11,0,1,1
"207",0,0,0,0,0,4,0,0,1,12,0,0,0,0,0,0,0,0,1,0,0,0,0,0,0,0,0,11,0,1
"208",0,0,0,0,0,0,4,0,0,1,12,0,0,0,0,0,0,0,0,1,0,0,0,0,0,0,0,0,11,0
"209",0,0,0,0,0,0,0,4,0,0,1,12,0,0,0,0,0,0,0,0,1,0,0,0,0,0,0,0,0,11
"210",2,0,0,0,0,0,0,0,4,0,0,1,12,0,0,0,0,0,0,0,0,1,0,0,0,0,0,0,0,0
"211",6,2,0,0,0,0,0,0,0,4,0,0,1,12,0,0,0,0,0,0,0,0,1,0,0,0,0,0,0,0
"212",0,6,2,0,0,0,0,0,0,0,4,0,0,1,12,0,0,0,0,0,0,0,0,1,0,0,0,0,0,0
"213",0,0,6,2,0,0,0,0,0,0,0,4,0,0,1,12,0,0,0,0,0,0,0,0,1,0,0,0,0,0
"214",5,0,0,6,2,0,0,0,0,0,0,0,4,0,0,1,12,0,0,0,0,0,0,0,0,1,0,0,0,0
"215",0,5,0,0,6,2,0,0,0,0,0,0,0,4,0,0,1,12,0,0,0,0,0,0,0,0,1,0,0,0
"216",0,0,5,0,0,6,2,0,0,0,0,0,0,0,4,0,0,1,12,0,0,0,0,0,0,0,0,1,0,0
"217",0,0,0,5,0,0,6,2,0,0,0,0,0,0,0,4,0,0,1,12,0,0,0,0,0,0,0,0,1,0
"218",0,0,0,0,5,0,0,6,2,0,0,0,0,0,0,0,4,0,0,1,12,0,0,0,0,0,0,0,0,1
"219",0,0,0,0,0,5,0,0,6,2,0,0,0,0,0,0,0,4,0,0,1,12,0,0,0,0,0,0,0,0
"220",0,0,0,0,0,0,5,0,0,6,2,0,0,0,0,0,0,0,4,0,0,1,12,0,0,0,0,0,0,0
"221",8,0,0,0,0,0,0,5,0,0,6,2,0,0,0,0,0,0,0,4,0,0,1,12,0,0,0,0,0,0
"222",4,8,0,0,0,0,0,0,5,0,0,6,2,0,0,0,0,0,0,0,4,0,0,1,12,0,0,0,0,0
"223",0,4,8,0,0,0,0,0,0,5,0,0,6,2,0,0,0,0,0,0,0,4,0,0,1,12,0,0,0,0
"224",0,0,4,8,0,0,0,0,0,0,5,0,0,6,2,0,0,0,0,0,0,0,4,0,0,1,12,0,0,0
"225",0,0,0,4,8,0,0,0,0,0,0,5,0,0,6,2,0,0,0,0,0,0,0,4,0,0,1,12,0,0
"226",1,0,0,0,4,8,0,0,0,0,0,0,5,0,0,6,2,0,0,0,0,0,0,0,4,0,0,1,12,0
"227",0,1,0,0,0,4,8,0,0,0,0,0,0,5,0,0,6,2,0,0,0,0,0,0,0,4,0,0,1,12
"228",0,0,1,0,0,0,4,8,0,0,0,0,0,0,5,0,0,6,2,0,0,0,0,0,0,0,4,0,0,1
"229",3,0,0,1,0,0,0,4,8,0,0,0,0,0,0,5,0,0,6,2,0,0,0,0,0,0,0,4,0,0
"230",0,3,0,0,1,0,0,0,4,8,0,0,0,0,0,0,5,0,0,6,2,0,0,0,0,0,0,0,4,0
"231",0,0,3,0,0,1,0,0,0,4,8,0,0,0,0,0,0,5,0,0,6,2,0,0,0,0,0,0,0,4
"232",0,0,0,3,0,0,1,0,0,0,4,8,0,0,0,0,0,0,5,0,0,6,2,0,0,0,0,0,0,0
"233",0,0,0,0,3,0,0,1,0,0,0,4,8,0,0,0,0,0,0,5,0,0,6,2,0,0,0,0,0,0
"234",0,0,0,0,0,3,0,0,1,0,0,0,4,8,0,0,0,0,0,0,5,0,0,6,2,0,0,0,0,0
"235",2,0,0,0,0,0,3,0,0,1,0,0,0,4,8,0,0,0,0,0,0,5,0,0,6,2,0,0,0,0
"236",0,2,0,0,0,0,0,3,0,0,1,0,0,0,4,8,0,0,0,0,0,0,5,0,0,6,2,0,0,0
"237",0,0,2,0,0,0,0,0,3,0,0,1,0,0,0,4,8,0,0,0,0,0,0,5,0,0,6,2,0,0
"238",0,0,0,2,0,0,0,0,0,3,0,0,1,0,0,0,4,8,0,0,0,0,0,0,5,0,0,6,2,0
"239",0,0,0,0,2,0,0,0,0,0,3,0,0,1,0,0,0,4,8,0,0,0,0,0,0,5,0,0,6,2
"240",2,0,0,0,0,2,0,0,0,0,0,3,0,0,1,0,0,0,4,8,0,0,0,0,0,0,5,0,0,6
"241",0,2,0,0,0,0,2,0,0,0,0,0,3,0,0,1,0,0,0,4,8,0,0,0,0,0,0,5,0,0
"242",0,0,2,0,0,0,0,2,0,0,0,0,0,3,0,0,1,0,0,0,4,8,0,0,0,0,0,0,5,0
"243",0,0,0,2,0,0,0,0,2,0,0,0,0,0,3,0,0,1,0,0,0,4,8,0,0,0,0,0,0,5
"244",0,0,0,0,2,0,0,0,0,2,0,0,0,0,0,3,0,0,1,0,0,0,4,8,0,0,0,0,0,0
"245",0,0,0,0,0,2,0,0,0,0,2,0,0,0,0,0,3,0,0,1,0,0,0,4,8,0,0,0,0,0
"246",0,0,0,0,0,0,2,0,0,0,0,2,0,0,0,0,0,3,0,0,1,0,0,0,4,8,0,0,0,0
"247",0,0,0,0,0,0,0,2,0,0,0,0,2,0,0,0,0,0,3,0,0,1,0,0,0,4,8,0,0,0
"248",0,0,0,0,0,0,0,0,2,0,0,0,0,2,0,0,0,0,0,3,0,0,1,0,0,0,4,8,0,0
"249",0,0,0,0,0,0,0,0,0,2,0,0,0,0,2,0,0,0,0,0,3,0,0,1,0,0,0,4,8,0
"250",0,0,0,0,0,0,0,0,0,0,2,0,0,0,0,2,0,0,0,0,0,3,0,0,1,0,0,0,4,8
"251",0,0,0,0,0,0,0,0,0,0,0,2,0,0,0,0,2,0,0,0,0,0,3,0,0,1,0,0,0,4
"252",0,0,0,0,0,0,0,0,0,0,0,0,2,0,0,0,0,2,0,0,0,0,0,3,0,0,1,0,0,0
"253",9,0,0,0,0,0,0,0,0,0,0,0,0,2,0,0,0,0,2,0,0,0,0,0,3,0,0,1,0,0
"254",0,9,0,0,0,0,0,0,0,0,0,0,0,0,2,0,0,0,0,2,0,0,0,0,0,3,0,0,1,0
"255",0,0,9,0,0,0,0,0,0,0,0,0,0,0,0,2,0,0,0,0,2,0,0,0,0,0,3,0,0,1
"256",0,0,0,9,0,0,0,0,0,0,0,0,0,0,0,0,2,0,0,0,0,2,0,0,0,0,0,3,0,0
"257",0,0,0,0,9,0,0,0,0,0,0,0,0,0,0,0,0,2,0,0,0,0,2,0,0,0,0,0,3,0
"258",0,0,0,0,0,9,0,0,0,0,0,0,0,0,0,0,0,0,2,0,0,0,0,2,0,0,0,0,0,3
"259",0,0,0,0,0,0,9,0,0,0,0,0,0,0,0,0,0,0,0,2,0,0,0,0,2,0,0,0,0,0
"260",0,0,0,0,0,0,0,9,0,0,0,0,0,0,0,0,0,0,0,0,2,0,0,0,0,2,0,0,0,0
"261",0,0,0,0,0,0,0,0,9,0,0,0,0,0,0,0,0,0,0,0,0,2,0,0,0,0,2,0,0,0
"262",0,0,0,0,0,0,0,0,0,9,0,0,0,0,0,0,0,0,0,0,0,0,2,0,0,0,0,2,0,0
"263",0,0,0,0,0,0,0,0,0,0,9,0,0,0,0,0,0,0,0,0,0,0,0,2,0,0,0,0,2,0
"264",0,0,0,0,0,0,0,0,0,0,0,9,0,0,0,0,0,0,0,0,0,0,0,0,2,0,0,0,0,2
"265",0,0,0,0,0,0,0,0,0,0,0,0,9,0,0,0,0,0,0,0,0,0,0,0,0,2,0,0,0,0
"266",0,0,0,0,0,0,0,0,0,0,0,0,0,9,0,0,0,0,0,0,0,0,0,0,0,0,2,0,0,0
"267",10,0,0,0,0,0,0,0,0,0,0,0,0,0,9,0,0,0,0,0,0,0,0,0,0,0,0,2,0,0
"268",0,10,0,0,0,0,0,0,0,0,0,0,0,0,0,9,0,0,0,0,0,0,0,0,0,0,0,0,2,0
"269",0,0,10,0,0,0,0,0,0,0,0,0,0,0,0,0,9,0,0,0,0,0,0,0,0,0,0,0,0,2
"270",0,0,0,10,0,0,0,0,0,0,0,0,0,0,0,0,0,9,0,0,0,0,0,0,0,0,0,0,0,0
"271",2,0,0,0,10,0,0,0,0,0,0,0,0,0,0,0,0,0,9,0,0,0,0,0,0,0,0,0,0,0
"272",1,2,0,0,0,10,0,0,0,0,0,0,0,0,0,0,0,0,0,9,0,0,0,0,0,0,0,0,0,0
"273",0,1,2,0,0,0,10,0,0,0,0,0,0,0,0,0,0,0,0,0,9,0,0,0,0,0,0,0,0,0
"274",0,0,1,2,0,0,0,10,0,0,0,0,0,0,0,0,0,0,0,0,0,9,0,0,0,0,0,0,0,0
"275",0,0,0,1,2,0,0,0,10,0,0,0,0,0,0,0,0,0,0,0,0,0,9,0,0,0,0,0,0,0
"276",0,0,0,0,1,2,0,0,0,10,0,0,0,0,0,0,0,0,0,0,0,0,0,9,0,0,0,0,0,0
"277",1,0,0,0,0,1,2,0,0,0,10,0,0,0,0,0,0,0,0,0,0,0,0,0,9,0,0,0,0,0
"278",0,1,0,0,0,0,1,2,0,0,0,10,0,0,0,0,0,0,0,0,0,0,0,0,0,9,0,0,0,0
"279",8,0,1,0,0,0,0,1,2,0,0,0,10,0,0,0,0,0,0,0,0,0,0,0,0,0,9,0,0,0
"280",0,8,0,1,0,0,0,0,1,2,0,0,0,10,0,0,0,0,0,0,0,0,0,0,0,0,0,9,0,0
"281",0,0,8,0,1,0,0,0,0,1,2,0,0,0,10,0,0,0,0,0,0,0,0,0,0,0,0,0,9,0
"282",0,0,0,8,0,1,0,0,0,0,1,2,0,0,0,10,0,0,0,0,0,0,0,0,0,0,0,0,0,9
"283",0,0,0,0,8,0,1,0,0,0,0,1,2,0,0,0,10,0,0,0,0,0,0,0,0,0,0,0,0,0
"284",0,0,0,0,0,8,0,1,0,0,0,0,1,2,0,0,0,10,0,0,0,0,0,0,0,0,0,0,0,0
"285",1,0,0,0,0,0,8,0,1,0,0,0,0,1,2,0,0,0,10,0,0,0,0,0,0,0,0,0,0,0
"286",0,1,0,0,0,0,0,8,0,1,0,0,0,0,1,2,0,0,0,10,0,0,0,0,0,0,0,0,0,0
"287",0,0,1,0,0,0,0,0,8,0,1,0,0,0,0,1,2,0,0,0,10,0,0,0,0,0,0,0,0,0
"288",0,0,0,1,0,0,0,0,0,8,0,1,0,0,0,0,1,2,0,0,0,10,0,0,0,0,0,0,0,0
"289",0,0,0,0,1,0,0,0,0,0,8,0,1,0,0,0,0,1,2,0,0,0,10,0,0,0,0,0,0,0
"290",0,0,0,0,0,1,0,0,0,0,0,8,0,1,0,0,0,0,1,2,0,0,0,10,0,0,0,0,0,0
"291",0,0,0,0,0,0,1,0,0,0,0,0,8,0,1,0,0,0,0,1,2,0,0,0,10,0,0,0,0,0
"292",0,0,0,0,0,0,0,1,0,0,0,0,0,8,0,1,0,0,0,0,1,2,0,0,0,10,0,0,0,0
"293",9,0,0,0,0,0,0,0,1,0,0,0,0,0,8,0,1,0,0,0,0,1,2,0,0,0,10,0,0,0
"294",0,9,0,0,0,0,0,0,0,1,0,0,0,0,0,8,0,1,0,0,0,0,1,2,0,0,0,10,0,0
"295",1,0,9,0,0,0,0,0,0,0,1,0,0,0,0,0,8,0,1,0,0,0,0,1,2,0,0,0,10,0
"296",7,1,0,9,0,0,0,0,0,0,0,1,0,0,0,0,0,8,0,1,0,0,0,0,1,2,0,0,0,10
"297",1,7,1,0,9,0,0,0,0,0,0,0,1,0,0,0,0,0,8,0,1,0,0,0,0,1,2,0,0,0
"298",0,1,7,1,0,9,0,0,0,0,0,0,0,1,0,0,0,0,0,8,0,1,0,0,0,0,1,2,0,0
"299",0,0,1,7,1,0,9,0,0,0,0,0,0,0,1,0,0,0,0,0,8,0,1,0,0,0,0,1,2,0
"300",1,0,0,1,7,1,0,9,0,0,0,0,0,0,0,1,0,0,0,0,0,8,0,1,0,0,0,0,1,2
"301",2,1,0,0,1,7,1,0,9,0,0,0,0,0,0,0,1,0,0,0,0,0,8,0,1,0,0,0,0,1
"302",0,2,1,0,0,1,7,1,0,9,0,0,0,0,0,0,0,1,0,0,0,0,0,8,0,1,0,0,0,0
"303",0,0,2,1,0,0,1,7,1,0,9,0,0,0,0,0,0,0,1,0,0,0,0,0,8,0,1,0,0,0
"304",3,0,0,2,1,0,0,1,7,1,0,9,0,0,0,0,0,0,0,1,0,0,0,0,0,8,0,1,0,0
"305",0,3,0,0,2,1,0,0,1,7,1,0,9,0,0,0,0,0,0,0,1,0,0,0,0,0,8,0,1,0
"306",0,0,3,0,0,2,1,0,0,1,7,1,0,9,0,0,0,0,0,0,0,1,0,0,0,0,0,8,0,1
"307",4,0,0,3,0,0,2,1,0,0,1,7,1,0,9,0,0,0,0,0,0,0,1,0,0,0,0,0,8,0
"308",3,4,0,0,3,0,0,2,1,0,0,1,7,1,0,9,0,0,0,0,0,0,0,1,0,0,0,0,0,8
"309",0,3,4,0,0,3,0,0,2,1,0,0,1,7,1,0,9,0,0,0,0,0,0,0,1,0,0,0,0,0
"310",5,0,3,4,0,0,3,0,0,2,1,0,0,1,7,1,0,9,0,0,0,0,0,0,0,1,0,0,0,0
"311",0,5,0,3,4,0,0,3,0,0,2,1,0,0,1,7,1,0,9,0,0,0,0,0,0,0,1,0,0,0
"312",6,0,5,0,3,4,0,0,3,0,0,2,1,0,0,1,7,1,0,9,0,0,0,0,0,0,0,1,0,0
"313",0,6,0,5,0,3,4,0,0,3,0,0,2,1,0,0,1,7,1,0,9,0,0,0,0,0,0,0,1,0
"314",0,0,6,0,5,0,3,4,0,0,3,0,0,2,1,0,0,1,7,1,0,9,0,0,0,0,0,0,0,1
"315",0,0,0,6,0,5,0,3,4,0,0,3,0,0,2,1,0,0,1,7,1,0,9,0,0,0,0,0,0,0
"316",0,0,0,0,6,0,5,0,3,4,0,0,3,0,0,2,1,0,0,1,7,1,0,9,0,0,0,0,0,0
"317",0,0,0,0,0,6,0,5,0,3,4,0,0,3,0,0,2,1,0,0,1,7,1,0,9,0,0,0,0,0
"318",0,0,0,0,0,0,6,0,5,0,3,4,0,0,3,0,0,2,1,0,0,1,7,1,0,9,0,0,0,0
"319",9,0,0,0,0,0,0,6,0,5,0,3,4,0,0,3,0,0,2,1,0,0,1,7,1,0,9,0,0,0
"320",0,9,0,0,0,0,0,0,6,0,5,0,3,4,0,0,3,0,0,2,1,0,0,1,7,1,0,9,0,0
"321",0,0,9,0,0,0,0,0,0,6,0,5,0,3,4,0,0,3,0,0,2,1,0,0,1,7,1,0,9,0
"322",0,0,0,9,0,0,0,0,0,0,6,0,5,0,3,4,0,0,3,0,0,2,1,0,0,1,7,1,0,9
"323",0,0,0,0,9,0,0,0,0,0,0,6,0,5,0,3,4,0,0,3,0,0,2,1,0,0,1,7,1,0
"324",6,0,0,0,0,9,0,0,0,0,0,0,6,0,5,0,3,4,0,0,3,0,0,2,1,0,0,1,7,1
"325",0,6,0,0,0,0,9,0,0,0,0,0,0,6,0,5,0,3,4,0,0,3,0,0,2,1,0,0,1,7
"326",0,0,6,0,0,0,0,9,0,0,0,0,0,0,6,0,5,0,3,4,0,0,3,0,0,2,1,0,0,1
"327",0,0,0,6,0,0,0,0,9,0,0,0,0,0,0,6,0,5,0,3,4,0,0,3,0,0,2,1,0,0
"328",6,0,0,0,6,0,0,0,0,9,0,0,0,0,0,0,6,0,5,0,3,4,0,0,3,0,0,2,1,0
"329",1,6,0,0,0,6,0,0,0,0,9,0,0,0,0,0,0,6,0,5,0,3,4,0,0,3,0,0,2,1
"330",0,1,6,0,0,0,6,0,0,0,0,9,0,0,0,0,0,0,6,0,5,0,3,4,0,0,3,0,0,2
"331",3,0,1,6,0,0,0,6,0,0,0,0,9,0,0,0,0,0,0,6,0,5,0,3,4,0,0,3,0,0
"332",0,3,0,1,6,0,0,0,6,0,0,0,0,9,0,0,0,0,0,0,6,0,5,0,3,4,0,0,3,0
"333",1,0,3,0,1,6,0,0,0,6,0,0,0,0,9,0,0,0,0,0,0,6,0,5,0,3,4,0,0,3
"334",5,1,0,3,0,1,6,0,0,0,6,0,0,0,0,9,0,0,0,0,0,0,6,0,5,0,3,4,0,0
"335",2,5,1,0,3,0,1,6,0,0,0,6,0,0,0,0,9,0,0,0,0,0,0,6,0,5,0,3,4,0
"336",3,2,5,1,0,3,0,1,6,0,0,0,6,0,0,0,0,9,0,0,0,0,0,0,6,0,5,0,3,4
"337",2,3,2,5,1,0,3,0,1,6,0,0,0,6,0,0,0,0,9,0,0,0,0,0,0,6,0,5,0,3
"338",0,2,3,2,5,1,0,3,0,1,6,0,0,0,6,0,0,0,0,9,0,0,0,0,0,0,6,0,5,0
"339",0,0,2,3,2,5,1,0,3,0,1,6,0,0,0,6,0,0,0,0,9,0,0,0,0,0,0,6,0,5
"340",0,0,0,2,3,2,5,1,0,3,0,1,6,0,0,0,6,0,0,0,0,9,0,0,0,0,0,0,6,0
"341",0,0,0,0,2,3,2,5,1,0,3,0,1,6,0,0,0,6,0,0,0,0,9,0,0,0,0,0,0,6
"342",0,0,0,0,0,2,3,2,5,1,0,3,0,1,6,0,0,0,6,0,0,0,0,9,0,0,0,0,0,0
"343",0,0,0,0,0,0,2,3,2,5,1,0,3,0,1,6,0,0,0,6,0,0,0,0,9,0,0,0,0,0
"344",0,0,0,0,0,0,0,2,3,2,5,1,0,3,0,1,6,0,0,0,6,0,0,0,0,9,0,0,0,0
"345",0,0,0,0,0,0,0,0,2,3,2,5,1,0,3,0,1,6,0,0,0,6,0,0,0,0,9,0,0,0
"346",1,0,0,0,0,0,0,0,0,2,3,2,5,1,0,3,0,1,6,0,0,0,6,0,0,0,0,9,0,0
"347",0,1,0,0,0,0,0,0,0,0,2,3,2,5,1,0,3,0,1,6,0,0,0,6,0,0,0,0,9,0
"348",0,0,1,0,0,0,0,0,0,0,0,2,3,2,5,1,0,3,0,1,6,0,0,0,6,0,0,0,0,9
"349",0,0,0,1,0,0,0,0,0,0,0,0,2,3,2,5,1,0,3,0,1,6,0,0,0,6,0,0,0,0
"350",0,0,0,0,1,0,0,0,0,0,0,0,0,2,3,2,5,1,0,3,0,1,6,0,0,0,6,0,0,0
"351",0,0,0,0,0,1,0,0,0,0,0,0,0,0,2,3,2,5,1,0,3,0,1,6,0,0,0,6,0,0
"352",0,0,0,0,0,0,1,0,0,0,0,0,0,0,0,2,3,2,5,1,0,3,0,1,6,0,0,0,6,0
"353",9,0,0,0,0,0,0,1,0,0,0,0,0,0,0,0,2,3,2,5,1,0,3,0,1,6,0,0,0,6
"354",14,9,0,0,0,0,0,0,1,0,0,0,0,0,0,0,0,2,3,2,5,1,0,3,0,1,6,0,0,0
"355",0,14,9,0,0,0,0,0,0,1,0,0,0,0,0,0,0,0,2,3,2,5,1,0,3,0,1,6,0,0
"356",0,0,14,9,0,0,0,0,0,0,1,0,0,0,0,0,0,0,0,2,3,2,5,1,0,3,0,1,6,0
"357",0,0,0,14,9,0,0,0,0,0,0,1,0,0,0,0,0,0,0,0,2,3,2,5,1,0,3,0,1,6
"358",0,0,0,0,14,9,0,0,0,0,0,0,1,0,0,0,0,0,0,0,0,2,3,2,5,1,0,3,0,1
"359",0,0,0,0,0,14,9,0,0,0,0,0,0,1,0,0,0,0,0,0,0,0,2,3,2,5,1,0,3,0
"360",0,0,0,0,0,0,14,9,0,0,0,0,0,0,1,0,0,0,0,0,0,0,0,2,3,2,5,1,0,3
"361",0,0,0,0,0,0,0,14,9,0,0,0,0,0,0,1,0,0,0,0,0,0,0,0,2,3,2,5,1,0
"362",0,0,0,0,0,0,0,0,14,9,0,0,0,0,0,0,1,0,0,0,0,0,0,0,0,2,3,2,5,1
"363",0,0,0,0,0,0,0,0,0,14,9,0,0,0,0,0,0,1,0,0,0,0,0,0,0,0,2,3,2,5
"364",0,0,0,0,0,0,0,0,0,0,14,9,0,0,0,0,0,0,1,0,0,0,0,0,0,0,0,2,3,2
"365",0,0,0,0,0,0,0,0,0,0,0,14,9,0,0,0,0,0,0,1,0,0,0,0,0,0,0,0,2,3
"366",0,0,0,0,0,0,0,0,0,0,0,0,14,9,0,0,0,0,0,0,1,0,0,0,0,0,0,0,0,2
"367",7,0,0,0,0,0,0,0,0,0,0,0,0,14,9,0,0,0,0,0,0,1,0,0,0,0,0,0,0,0
"368",1,7,0,0,0,0,0,0,0,0,0,0,0,0,14,9,0,0,0,0,0,0,1,0,0,0,0,0,0,0
"369",0,1,7,0,0,0,0,0,0,0,0,0,0,0,0,14,9,0,0,0,0,0,0,1,0,0,0,0,0,0
"370",0,0,1,7,0,0,0,0,0,0,0,0,0,0,0,0,14,9,0,0,0,0,0,0,1,0,0,0,0,0
"371",5,0,0,1,7,0,0,0,0,0,0,0,0,0,0,0,0,14,9,0,0,0,0,0,0,1,0,0,0,0
"372",0,5,0,0,1,7,0,0,0,0,0,0,0,0,0,0,0,0,14,9,0,0,0,0,0,0,1,0,0,0
"373",6,0,5,0,0,1,7,0,0,0,0,0,0,0,0,0,0,0,0,14,9,0,0,0,0,0,0,1,0,0
"374",0,6,0,5,0,0,1,7,0,0,0,0,0,0,0,0,0,0,0,0,14,9,0,0,0,0,0,0,1,0
"375",0,0,6,0,5,0,0,1,7,0,0,0,0,0,0,0,0,0,0,0,0,14,9,0,0,0,0,0,0,1
"376",12,0,0,6,0,5,0,0,1,7,0,0,0,0,0,0,0,0,0,0,0,0,14,9,0,0,0,0,0,0
"377",0,12,0,0,6,0,5,0,0,1,7,0,0,0,0,0,0,0,0,0,0,0,0,14,9,0,0,0,0,0
"378",0,0,12,0,0,6,0,5,0,0,1,7,0,0,0,0,0,0,0,0,0,0,0,0,14,9,0,0,0,0
"379",0,0,0,12,0,0,6,0,5,0,0,1,7,0,0,0,0,0,0,0,0,0,0,0,0,14,9,0,0,0
"380",0,0,0,0,12,0,0,6,0,5,0,0,1,7,0,0,0,0,0,0,0,0,0,0,0,0,14,9,0,0
"381",0,0,0,0,0,12,0,0,6,0,5,0,0,1,7,0,0,0,0,0,0,0,0,0,0,0,0,14,9,0
"382",0,0,0,0,0,0,12,0,0,6,0,5,0,0,1,7,0,0,0,0,0,0,0,0,0,0,0,0,14,9
"383",0,0,0,0,0,0,0,12,0,0,6,0,5,0,0,1,7,0,0,0,0,0,0,0,0,0,0,0,0,14
"384",0,0,0,0,0,0,0,0,12,0,0,6,0,5,0,0,1,7,0,0,0,0,0,0,0,0,0,0,0,0
"385",11,0,0,0,0,0,0,0,0,12,0,0,6,0,5,0,0,1,7,0,0,0,0,0,0,0,0,0,0,0
"386",0,11,0,0,0,0,0,0,0,0,12,0,0,6,0,5,0,0,1,7,0,0,0,0,0,0,0,0,0,0
"387",1,0,11,0,0,0,0,0,0,0,0,12,0,0,6,0,5,0,0,1,7,0,0,0,0,0,0,0,0,0
"388",0,1,0,11,0,0,0,0,0,0,0,0,12,0,0,6,0,5,0,0,1,7,0,0,0,0,0,0,0,0
"389",0,0,1,0,11,0,0,0,0,0,0,0,0,12,0,0,6,0,5,0,0,1,7,0,0,0,0,0,0,0
"390",0,0,0,1,0,11,0,0,0,0,0,0,0,0,12,0,0,6,0,5,0,0,1,7,0,0,0,0,0,0
"391",1,0,0,0,1,0,11,0,0,0,0,0,0,0,0,12,0,0,6,0,5,0,0,1,7,0,0,0,0,0
"392",0,1,0,0,0,1,0,11,0,0,0,0,0,0,0,0,12,0,0,6,0,5,0,0,1,7,0,0,0,0
"393",0,0,1,0,0,0,1,0,11,0,0,0,0,0,0,0,0,12,0,0,6,0,5,0,0,1,7,0,0,0
"394",0,0,0,1,0,0,0,1,0,11,0,0,0,0,0,0,0,0,12,0,0,6,0,5,0,0,1,7,0,0
"395",0,0,0,0,1,0,0,0,1,0,11,0,0,0,0,0,0,0,0,12,0,0,6,0,5,0,0,1,7,0
"396",1,0,0,0,0,1,0,0,0,1,0,11,0,0,0,0,0,0,0,0,12,0,0,6,0,5,0,0,1,7
"397",1,1,0,0,0,0,1,0,0,0,1,0,11,0,0,0,0,0,0,0,0,12,0,0,6,0,5,0,0,1
"398",0,1,1,0,0,0,0,1,0,0,0,1,0,11,0,0,0,0,0,0,0,0,12,0,0,6,0,5,0,0
"399",0,0,1,1,0,0,0,0,1,0,0,0,1,0,11,0,0,0,0,0,0,0,0,12,0,0,6,0,5,0
"400",0,0,0,1,1,0,0,0,0,1,0,0,0,1,0,11,0,0,0,0,0,0,0,0,12,0,0,6,0,5
"401",0,0,0,0,1,1,0,0,0,0,1,0,0,0,1,0,11,0,0,0,0,0,0,0,0,12,0,0,6,0
"402",0,0,0,0,0,1,1,0,0,0,0,1,0,0,0,1,0,11,0,0,0,0,0,0,0,0,12,0,0,6
"403",0,0,0,0,0,0,1,1,0,0,0,0,1,0,0,0,1,0,11,0,0,0,0,0,0,0,0,12,0,0
"404",0,0,0,0,0,0,0,1,1,0,0,0,0,1,0,0,0,1,0,11,0,0,0,0,0,0,0,0,12,0
"405",10,0,0,0,0,0,0,0,1,1,0,0,0,0,1,0,0,0,1,0,11,0,0,0,0,0,0,0,0,12
"406",0,10,0,0,0,0,0,0,0,1,1,0,0,0,0,1,0,0,0,1,0,11,0,0,0,0,0,0,0,0
"407",1,0,10,0,0,0,0,0,0,0,1,1,0,0,0,0,1,0,0,0,1,0,11,0,0,0,0,0,0,0
"408",3,1,0,10,0,0,0,0,0,0,0,1,1,0,0,0,0,1,0,0,0,1,0,11,0,0,0,0,0,0
"409",0,3,1,0,10,0,0,0,0,0,0,0,1,1,0,0,0,0,1,0,0,0,1,0,11,0,0,0,0,0
"410",0,0,3,1,0,10,0,0,0,0,0,0,0,1,1,0,0,0,0,1,0,0,0,1,0,11,0,0,0,0
"411",7,0,0,3,1,0,10,0,0,0,0,0,0,0,1,1,0,0,0,0,1,0,0,0,1,0,11,0,0,0
"412",1,7,0,0,3,1,0,10,0,0,0,0,0,0,0,1,1,0,0,0,0,1,0,0,0,1,0,11,0,0
"413",2,1,7,0,0,3,1,0,10,0,0,0,0,0,0,0,1,1,0,0,0,0,1,0,0,0,1,0,11,0
"414",0,2,1,7,0,0,3,1,0,10,0,0,0,0,0,0,0,1,1,0,0,0,0,1,0,0,0,1,0,11
"415",0,0,2,1,7,0,0,3,1,0,10,0,0,0,0,0,0,0,1,1,0,0,0,0,1,0,0,0,1,0
"416",0,0,0,2,1,7,0,0,3,1,0,10,0,0,0,0,0,0,0,1,1,0,0,0,0,1,0,0,0,1
"417",7,0,0,0,2,1,7,0,0,3,1,0,10,0,0,0,0,0,0,0,1,1,0,0,0,0,1,0,0,0
"418",0,7,0,0,0,2,1,7,0,0,3,1,0,10,0,0,0,0,0,0,0,1,1,0,0,0,0,1,0,0
"419",0,0,7,0,0,0,2,1,7,0,0,3,1,0,10,0,0,0,0,0,0,0,1,1,0,0,0,0,1,0
"420",6,0,0,7,0,0,0,2,1,7,0,0,3,1,0,10,0,0,0,0,0,0,0,1,1,0,0,0,0,1
"421",0,6,0,0,7,0,0,0,2,1,7,0,0,3,1,0,10,0,0,0,0,0,0,0,1,1,0,0,0,0
"422",0,0,6,0,0,7,0,0,0,2,1,7,0,0,3,1,0,10,0,0,0,0,0,0,0,1,1,0,0,0
"423",0,0,0,6,0,0,7,0,0,0,2,1,7,0,0,3,1,0,10,0,0,0,0,0,0,0,1,1,0,0
"424",0,0,0,0,6,0,0,7,0,0,0,2,1,7,0,0,3,1,0,10,0,0,0,0,0,0,0,1,1,0
"425",0,0,0,0,0,6,0,0,7,0,0,0,2,1,7,0,0,3,1,0,10,0,0,0,0,0,0,0,1,1
"426",0,0,0,0,0,0,6,0,0,7,0,0,0,2,1,7,0,0,3,1,0,10,0,0,0,0,0,0,0,1
"427",0,0,0,0,0,0,0,6,0,0,7,0,0,0,2,1,7,0,0,3,1,0,10,0,0,0,0,0,0,0
"428",0,0,0,0,0,0,0,0,6,0,0,7,0,0,0,2,1,7,0,0,3,1,0,10,0,0,0,0,0,0
"429",0,0,0,0,0,0,0,0,0,6,0,0,7,0,0,0,2,1,7,0,0,3,1,0,10,0,0,0,0,0
"430",0,0,0,0,0,0,0,0,0,0,6,0,0,7,0,0,0,2,1,7,0,0,3,1,0,10,0,0,0,0
"431",0,0,0,0,0,0,0,0,0,0,0,6,0,0,7,0,0,0,2,1,7,0,0,3,1,0,10,0,0,0
"432",10,0,0,0,0,0,0,0,0,0,0,0,6,0,0,7,0,0,0,2,1,7,0,0,3,1,0,10,0,0
"433",0,10,0,0,0,0,0,0,0,0,0,0,0,6,0,0,7,0,0,0,2,1,7,0,0,3,1,0,10,0
"434",17,0,10,0,0,0,0,0,0,0,0,0,0,0,6,0,0,7,0,0,0,2,1,7,0,0,3,1,0,10
"435",0,17,0,10,0,0,0,0,0,0,0,0,0,0,0,6,0,0,7,0,0,0,2,1,7,0,0,3,1,0
"436",1,0,17,0,10,0,0,0,0,0,0,0,0,0,0,0,6,0,0,7,0,0,0,2,1,7,0,0,3,1
"437",0,1,0,17,0,10,0,0,0,0,0,0,0,0,0,0,0,6,0,0,7,0,0,0,2,1,7,0,0,3
"438",0,0,1,0,17,0,10,0,0,0,0,0,0,0,0,0,0,0,6,0,0,7,0,0,0,2,1,7,0,0
"439",0,0,0,1,0,17,0,10,0,0,0,0,0,0,0,0,0,0,0,6,0,0,7,0,0,0,2,1,7,0
"440",0,0,0,0,1,0,17,0,10,0,0,0,0,0,0,0,0,0,0,0,6,0,0,7,0,0,0,2,1,7
"441",0,0,0,0,0,1,0,17,0,10,0,0,0,0,0,0,0,0,0,0,0,6,0,0,7,0,0,0,2,1
"442",0,0,0,0,0,0,1,0,17,0,10,0,0,0,0,0,0,0,0,0,0,0,6,0,0,7,0,0,0,2
"443",0,0,0,0,0,0,0,1,0,17,0,10,0,0,0,0,0,0,0,0,0,0,0,6,0,0,7,0,0,0
"444",7,0,0,0,0,0,0,0,1,0,17,0,10,0,0,0,0,0,0,0,0,0,0,0,6,0,0,7,0,0
"445",1,7,0,0,0,0,0,0,0,1,0,17,0,10,0,0,0,0,0,0,0,0,0,0,0,6,0,0,7,0
"446",0,1,7,0,0,0,0,0,0,0,1,0,17,0,10,0,0,0,0,0,0,0,0,0,0,0,6,0,0,7
"447",0,0,1,7,0,0,0,0,0,0,0,1,0,17,0,10,0,0,0,0,0,0,0,0,0,0,0,6,0,0
"448",0,0,0,1,7,0,0,0,0,0,0,0,1,0,17,0,10,0,0,0,0,0,0,0,0,0,0,0,6,0
"449",0,0,0,0,1,7,0,0,0,0,0,0,0,1,0,17,0,10,0,0,0,0,0,0,0,0,0,0,0,6
"450",0,0,0,0,0,1,7,0,0,0,0,0,0,0,1,0,17,0,10,0,0,0,0,0,0,0,0,0,0,0
"451",0,0,0,0,0,0,1,7,0,0,0,0,0,0,0,1,0,17,0,10,0,0,0,0,0,0,0,0,0,0
"452",0,0,0,0,0,0,0,1,7,0,0,0,0,0,0,0,1,0,17,0,10,0,0,0,0,0,0,0,0,0
"453",0,0,0,0,0,0,0,0,1,7,0,0,0,0,0,0,0,1,0,17,0,10,0,0,0,0,0,0,0,0
"454",0,0,0,0,0,0,0,0,0,1,7,0,0,0,0,0,0,0,1,0,17,0,10,0,0,0,0,0,0,0
"455",0,0,0,0,0,0,0,0,0,0,1,7,0,0,0,0,0,0,0,1,0,17,0,10,0,0,0,0,0,0
"456",0,0,0,0,0,0,0,0,0,0,0,1,7,0,0,0,0,0,0,0,1,0,17,0,10,0,0,0,0,0
"457",8,0,0,0,0,0,0,0,0,0,0,0,1,7,0,0,0,0,0,0,0,1,0,17,0,10,0,0,0,0
"458",0,8,0,0,0,0,0,0,0,0,0,0,0,1,7,0,0,0,0,0,0,0,1,0,17,0,10,0,0,0
"459",16,0,8,0,0,0,0,0,0,0,0,0,0,0,1,7,0,0,0,0,0,0,0,1,0,17,0,10,0,0
"460",7,16,0,8,0,0,0,0,0,0,0,0,0,0,0,1,7,0,0,0,0,0,0,0,1,0,17,0,10,0
"461",0,7,16,0,8,0,0,0,0,0,0,0,0,0,0,0,1,7,0,0,0,0,0,0,0,1,0,17,0,10
"462",6,0,7,16,0,8,0,0,0,0,0,0,0,0,0,0,0,1,7,0,0,0,0,0,0,0,1,0,17,0
"463",0,6,0,7,16,0,8,0,0,0,0,0,0,0,0,0,0,0,1,7,0,0,0,0,0,0,0,1,0,17
"464",0,0,6,0,7,16,0,8,0,0,0,0,0,0,0,0,0,0,0,1,7,0,0,0,0,0,0,0,1,0
"465",0,0,0,6,0,7,16,0,8,0,0,0,0,0,0,0,0,0,0,0,1,7,0,0,0,0,0,0,0,1
"466",0,0,0,0,6,0,7,16,0,8,0,0,0,0,0,0,0,0,0,0,0,1,7,0,0,0,0,0,0,0
"467",0,0,0,0,0,6,0,7,16,0,8,0,0,0,0,0,0,0,0,0,0,0,1,7,0,0,0,0,0,0
"468",0,0,0,0,0,0,6,0,7,16,0,8,0,0,0,0,0,0,0,0,0,0,0,1,7,0,0,0,0,0
"469",0,0,0,0,0,0,0,6,0,7,16,0,8,0,0,0,0,0,0,0,0,0,0,0,1,7,0,0,0,0
"470",0,0,0,0,0,0,0,0,6,0,7,16,0,8,0,0,0,0,0,0,0,0,0,0,0,1,7,0,0,0
"471",0,0,0,0,0,0,0,0,0,6,0,7,16,0,8,0,0,0,0,0,0,0,0,0,0,0,1,7,0,0
"472",0,0,0,0,0,0,0,0,0,0,6,0,7,16,0,8,0,0,0,0,0,0,0,0,0,0,0,1,7,0
"473",0,0,0,0,0,0,0,0,0,0,0,6,0,7,16,0,8,0,0,0,0,0,0,0,0,0,0,0,1,7
"474",0,0,0,0,0,0,0,0,0,0,0,0,6,0,7,16,0,8,0,0,0,0,0,0,0,0,0,0,0,1
"475",0,0,0,0,0,0,0,0,0,0,0,0,0,6,0,7,16,0,8,0,0,0,0,0,0,0,0,0,0,0
"476",0,0,0,0,0,0,0,0,0,0,0,0,0,0,6,0,7,16,0,8,0,0,0,0,0,0,0,0,0,0
"477",1,0,0,0,0,0,0,0,0,0,0,0,0,0,0,6,0,7,16,0,8,0,0,0,0,0,0,0,0,0
"478",0,1,0,0,0,0,0,0,0,0,0,0,0,0,0,0,6,0,7,16,0,8,0,0,0,0,0,0,0,0
"479",0,0,1,0,0,0,0,0,0,0,0,0,0,0,0,0,0,6,0,7,16,0,8,0,0,0,0,0,0,0
"480",0,0,0,1,0,0,0,0,0,0,0,0,0,0,0,0,0,0,6,0,7,16,0,8,0,0,0,0,0,0
"481",0,0,0,0,1,0,0,0,0,0,0,0,0,0,0,0,0,0,0,6,0,7,16,0,8,0,0,0,0,0
"482",3,0,0,0,0,1,0,0,0,0,0,0,0,0,0,0,0,0,0,0,6,0,7,16,0,8,0,0,0,0
"483",0,3,0,0,0,0,1,0,0,0,0,0,0,0,0,0,0,0,0,0,0,6,0,7,16,0,8,0,0,0
"484",0,0,3,0,0,0,0,1,0,0,0,0,0,0,0,0,0,0,0,0,0,0,6,0,7,16,0,8,0,0
"485",0,0,0,3,0,0,0,0,1,0,0,0,0,0,0,0,0,0,0,0,0,0,0,6,0,7,16,0,8,0
"486",0,0,0,0,3,0,0,0,0,1,0,0,0,0,0,0,0,0,0,0,0,0,0,0,6,0,7,16,0,8
"487",0,0,0,0,0,3,0,0,0,0,1,0,0,0,0,0,0,0,0,0,0,0,0,0,0,6,0,7,16,0
"488",0,0,0,0,0,0,3,0,0,0,0,1,0,0,0,0,0,0,0,0,0,0,0,0,0,0,6,0,7,16
"489",0,0,0,0,0,0,0,3,0,0,0,0,1,0,0,0,0,0,0,0,0,0,0,0,0,0,0,6,0,7
"490",3,0,0,0,0,0,0,0,3,0,0,0,0,1,0,0,0,0,0,0,0,0,0,0,0,0,0,0,6,0
"491",0,3,0,0,0,0,0,0,0,3,0,0,0,0,1,0,0,0,0,0,0,0,0,0,0,0,0,0,0,6
"492",0,0,3,0,0,0,0,0,0,0,3,0,0,0,0,1,0,0,0,0,0,0,0,0,0,0,0,0,0,0
"493",1,0,0,3,0,0,0,0,0,0,0,3,0,0,0,0,1,0,0,0,0,0,0,0,0,0,0,0,0,0
"494",0,1,0,0,3,0,0,0,0,0,0,0,3,0,0,0,0,1,0,0,0,0,0,0,0,0,0,0,0,0
"495",0,0,1,0,0,3,0,0,0,0,0,0,0,3,0,0,0,0,1,0,0,0,0,0,0,0,0,0,0,0
"496",0,0,0,1,0,0,3,0,0,0,0,0,0,0,3,0,0,0,0,1,0,0,0,0,0,0,0,0,0,0
"497",0,0,0,0,1,0,0,3,0,0,0,0,0,0,0,3,0,0,0,0,1,0,0,0,0,0,0,0,0,0
"498",0,0,0,0,0,1,0,0,3,0,0,0,0,0,0,0,3,0,0,0,0,1,0,0,0,0,0,0,0,0
"499",0,0,0,0,0,0,1,0,0,3,0,0,0,0,0,0,0,3,0,0,0,0,1,0,0,0,0,0,0,0
"500",0,0,0,0,0,0,0,1,0,0,3,0,0,0,0,0,0,0,3,0,0,0,0,1,0,0,0,0,0,0
"501",0,0,0,0,0,0,0,0,1,0,0,3,0,0,0,0,0,0,0,3,0,0,0,0,1,0,0,0,0,0
"502",0,0,0,0,0,0,0,0,0,1,0,0,3,0,0,0,0,0,0,0,3,0,0,0,0,1,0,0,0,0
"503",0,0,0,0,0,0,0,0,0,0,1,0,0,3,0,0,0,0,0,0,0,3,0,0,0,0,1,0,0,0
"504",0,0,0,0,0,0,0,0,0,0,0,1,0,0,3,0,0,0,0,0,0,0,3,0,0,0,0,1,0,0
"505",1,0,0,0,0,0,0,0,0,0,0,0,1,0,0,3,0,0,0,0,0,0,0,3,0,0,0,0,1,0
"506",0,1,0,0,0,0,0,0,0,0,0,0,0,1,0,0,3,0,0,0,0,0,0,0,3,0,0,0,0,1
"507",10,0,1,0,0,0,0,0,0,0,0,0,0,0,1,0,0,3,0,0,0,0,0,0,0,3,0,0,0,0
"508",0,10,0,1,0,0,0,0,0,0,0,0,0,0,0,1,0,0,3,0,0,0,0,0,0,0,3,0,0,0
"509",0,0,10,0,1,0,0,0,0,0,0,0,0,0,0,0,1,0,0,3,0,0,0,0,0,0,0,3,0,0
"510",0,0,0,10,0,1,0,0,0,0,0,0,0,0,0,0,0,1,0,0,3,0,0,0,0,0,0,0,3,0
"511",0,0,0,0,10,0,1,0,0,0,0,0,0,0,0,0,0,0,1,0,0,3,0,0,0,0,0,0,0,3
"512",0,0,0,0,0,10,0,1,0,0,0,0,0,0,0,0,0,0,0,1,0,0,3,0,0,0,0,0,0,0
"513",0,0,0,0,0,0,10,0,1,0,0,0,0,0,0,0,0,0,0,0,1,0,0,3,0,0,0,0,0,0
"514",0,0,0,0,0,0,0,10,0,1,0,0,0,0,0,0,0,0,0,0,0,1,0,0,3,0,0,0,0,0
"515",0,0,0,0,0,0,0,0,10,0,1,0,0,0,0,0,0,0,0,0,0,0,1,0,0,3,0,0,0,0
"516",0,0,0,0,0,0,0,0,0,10,0,1,0,0,0,0,0,0,0,0,0,0,0,1,0,0,3,0,0,0
"517",0,0,0,0,0,0,0,0,0,0,10,0,1,0,0,0,0,0,0,0,0,0,0,0,1,0,0,3,0,0
"518",0,0,0,0,0,0,0,0,0,0,0,10,0,1,0,0,0,0,0,0,0,0,0,0,0,1,0,0,3,0
"519",1,0,0,0,0,0,0,0,0,0,0,0,10,0,1,0,0,0,0,0,0,0,0,0,0,0,1,0,0,3
"520",0,1,0,0,0,0,0,0,0,0,0,0,0,10,0,1,0,0,0,0,0,0,0,0,0,0,0,1,0,0
"521",0,0,1,0,0,0,0,0,0,0,0,0,0,0,10,0,1,0,0,0,0,0,0,0,0,0,0,0,1,0
"522",1,0,0,1,0,0,0,0,0,0,0,0,0,0,0,10,0,1,0,0,0,0,0,0,0,0,0,0,0,1
"523",1,1,0,0,1,0,0,0,0,0,0,0,0,0,0,0,10,0,1,0,0,0,0,0,0,0,0,0,0,0
"524",0,1,1,0,0,1,0,0,0,0,0,0,0,0,0,0,0,10,0,1,0,0,0,0,0,0,0,0,0,0
"525",0,0,1,1,0,0,1,0,0,0,0,0,0,0,0,0,0,0,10,0,1,0,0,0,0,0,0,0,0,0
"526",2,0,0,1,1,0,0,1,0,0,0,0,0,0,0,0,0,0,0,10,0,1,0,0,0,0,0,0,0,0
"527",0,2,0,0,1,1,0,0,1,0,0,0,0,0,0,0,0,0,0,0,10,0,1,0,0,0,0,0,0,0
"528",0,0,2,0,0,1,1,0,0,1,0,0,0,0,0,0,0,0,0,0,0,10,0,1,0,0,0,0,0,0
"529",12,0,0,2,0,0,1,1,0,0,1,0,0,0,0,0,0,0,0,0,0,0,10,0,1,0,0,0,0,0
"530",0,12,0,0,2,0,0,1,1,0,0,1,0,0,0,0,0,0,0,0,0,0,0,10,0,1,0,0,0,0
"531",16,0,12,0,0,2,0,0,1,1,0,0,1,0,0,0,0,0,0,0,0,0,0,0,10,0,1,0,0,0
"532",0,16,0,12,0,0,2,0,0,1,1,0,0,1,0,0,0,0,0,0,0,0,0,0,0,10,0,1,0,0
"533",0,0,16,0,12,0,0,2,0,0,1,1,0,0,1,0,0,0,0,0,0,0,0,0,0,0,10,0,1,0
"534",2,0,0,16,0,12,0,0,2,0,0,1,1,0,0,1,0,0,0,0,0,0,0,0,0,0,0,10,0,1
"535",16,2,0,0,16,0,12,0,0,2,0,0,1,1,0,0,1,0,0,0,0,0,0,0,0,0,0,0,10,0
"536",10,16,2,0,0,16,0,12,0,0,2,0,0,1,1,0,0,1,0,0,0,0,0,0,0,0,0,0,0,10
"537",4,10,16,2,0,0,16,0,12,0,0,2,0,0,1,1,0,0,1,0,0,0,0,0,0,0,0,0,0,0
"538",1,4,10,16,2,0,0,16,0,12,0,0,2,0,0,1,1,0,0,1,0,0,0,0,0,0,0,0,0,0
"539",0,1,4,10,16,2,0,0,16,0,12,0,0,2,0,0,1,1,0,0,1,0,0,0,0,0,0,0,0,0
"540",0,0,1,4,10,16,2,0,0,16,0,12,0,0,2,0,0,1,1,0,0,1,0,0,0,0,0,0,0,0
"541",0,0,0,1,4,10,16,2,0,0,16,0,12,0,0,2,0,0,1,1,0,0,1,0,0,0,0,0,0,0
"542",0,0,0,0,1,4,10,16,2,0,0,16,0,12,0,0,2,0,0,1,1,0,0,1,0,0,0,0,0,0
"543",7,0,0,0,0,1,4,10,16,2,0,0,16,0,12,0,0,2,0,0,1,1,0,0,1,0,0,0,0,0
"544",1,7,0,0,0,0,1,4,10,16,2,0,0,16,0,12,0,0,2,0,0,1,1,0,0,1,0,0,0,0
"545",0,1,7,0,0,0,0,1,4,10,16,2,0,0,16,0,12,0,0,2,0,0,1,1,0,0,1,0,0,0
"546",0,0,1,7,0,0,0,0,1,4,10,16,2,0,0,16,0,12,0,0,2,0,0,1,1,0,0,1,0,0
"547",4,0,0,1,7,0,0,0,0,1,4,10,16,2,0,0,16,0,12,0,0,2,0,0,1,1,0,0,1,0
"548",0,4,0,0,1,7,0,0,0,0,1,4,10,16,2,0,0,16,0,12,0,0,2,0,0,1,1,0,0,1
"549",1,0,4,0,0,1,7,0,0,0,0,1,4,10,16,2,0,0,16,0,12,0,0,2,0,0,1,1,0,0
"550",3,1,0,4,0,0,1,7,0,0,0,0,1,4,10,16,2,0,0,16,0,12,0,0,2,0,0,1,1,0
"551",0,3,1,0,4,0,0,1,7,0,0,0,0,1,4,10,16,2,0,0,16,0,12,0,0,2,0,0,1,1
"552",3,0,3,1,0,4,0,0,1,7,0,0,0,0,1,4,10,16,2,0,0,16,0,12,0,0,2,0,0,1
"553",0,3,0,3,1,0,4,0,0,1,7,0,0,0,0,1,4,10,16,2,0,0,16,0,12,0,0,2,0,0
"554",1,0,3,0,3,1,0,4,0,0,1,7,0,0,0,0,1,4,10,16,2,0,0,16,0,12,0,0,2,0
"555",1,1,0,3,0,3,1,0,4,0,0,1,7,0,0,0,0,1,4,10,16,2,0,0,16,0,12,0,0,2
"556",0,1,1,0,3,0,3,1,0,4,0,0,1,7,0,0,0,0,1,4,10,16,2,0,0,16,0,12,0,0
"557",1,0,1,1,0,3,0,3,1,0,4,0,0,1,7,0,0,0,0,1,4,10,16,2,0,0,16,0,12,0
"558",0,1,0,1,1,0,3,0,3,1,0,4,0,0,1,7,0,0,0,0,1,4,10,16,2,0,0,16,0,12
"559",0,0,1,0,1,1,0,3,0,3,1,0,4,0,0,1,7,0,0,0,0,1,4,10,16,2,0,0,16,0
"560",0,0,0,1,0,1,1,0,3,0,3,1,0,4,0,0,1,7,0,0,0,0,1,4,10,16,2,0,0,16
"561",0,0,0,0,1,0,1,1,0,3,0,3,1,0,4,0,0,1,7,0,0,0,0,1,4,10,16,2,0,0
"562",0,0,0,0,0,1,0,1,1,0,3,0,3,1,0,4,0,0,1,7,0,0,0,0,1,4,10,16,2,0
"563",0,0,0,0,0,0,1,0,1,1,0,3,0,3,1,0,4,0,0,1,7,0,0,0,0,1,4,10,16,2
"564",0,0,0,0,0,0,0,1,0,1,1,0,3,0,3,1,0,4,0,0,1,7,0,0,0,0,1,4,10,16
"565",0,0,0,0,0,0,0,0,1,0,1,1,0,3,0,3,1,0,4,0,0,1,7,0,0,0,0,1,4,10
"566",0,0,0,0,0,0,0,0,0,1,0,1,1,0,3,0,3,1,0,4,0,0,1,7,0,0,0,0,1,4
"567",8,0,0,0,0,0,0,0,0,0,1,0,1,1,0,3,0,3,1,0,4,0,0,1,7,0,0,0,0,1
"568",0,8,0,0,0,0,0,0,0,0,0,1,0,1,1,0,3,0,3,1,0,4,0,0,1,7,0,0,0,0
"569",0,0,8,0,0,0,0,0,0,0,0,0,1,0,1,1,0,3,0,3,1,0,4,0,0,1,7,0,0,0
"570",0,0,0,8,0,0,0,0,0,0,0,0,0,1,0,1,1,0,3,0,3,1,0,4,0,0,1,7,0,0
"571",0,0,0,0,8,0,0,0,0,0,0,0,0,0,1,0,1,1,0,3,0,3,1,0,4,0,0,1,7,0
"572",2,0,0,0,0,8,0,0,0,0,0,0,0,0,0,1,0,1,1,0,3,0,3,1,0,4,0,0,1,7
"573",3,2,0,0,0,0,8,0,0,0,0,0,0,0,0,0,1,0,1,1,0,3,0,3,1,0,4,0,0,1
"574",0,3,2,0,0,0,0,8,0,0,0,0,0,0,0,0,0,1,0,1,1,0,3,0,3,1,0,4,0,0
"575",0,0,3,2,0,0,0,0,8,0,0,0,0,0,0,0,0,0,1,0,1,1,0,3,0,3,1,0,4,0
"576",9,0,0,3,2,0,0,0,0,8,0,0,0,0,0,0,0,0,0,1,0,1,1,0,3,0,3,1,0,4
"577",4,9,0,0,3,2,0,0,0,0,8,0,0,0,0,0,0,0,0,0,1,0,1,1,0,3,0,3,1,0
"578",0,4,9,0,0,3,2,0,0,0,0,8,0,0,0,0,0,0,0,0,0,1,0,1,1,0,3,0,3,1
"579",15,0,4,9,0,0,3,2,0,0,0,0,8,0,0,0,0,0,0,0,0,0,1,0,1,1,0,3,0,3
"580",0,15,0,4,9,0,0,3,2,0,0,0,0,8,0,0,0,0,0,0,0,0,0,1,0,1,1,0,3,0
"581",0,0,15,0,4,9,0,0,3,2,0,0,0,0,8,0,0,0,0,0,0,0,0,0,1,0,1,1,0,3
"582",1,0,0,15,0,4,9,0,0,3,2,0,0,0,0,8,0,0,0,0,0,0,0,0,0,1,0,1,1,0
"583",0,1,0,0,15,0,4,9,0,0,3,2,0,0,0,0,8,0,0,0,0,0,0,0,0,0,1,0,1,1
"584",3,0,1,0,0,15,0,4,9,0,0,3,2,0,0,0,0,8,0,0,0,0,0,0,0,0,0,1,0,1
"585",0,3,0,1,0,0,15,0,4,9,0,0,3,2,0,0,0,0,8,0,0,0,0,0,0,0,0,0,1,0
"586",1,0,3,0,1,0,0,15,0,4,9,0,0,3,2,0,0,0,0,8,0,0,0,0,0,0,0,0,0,1
"587",0,1,0,3,0,1,0,0,15,0,4,9,0,0,3,2,0,0,0,0,8,0,0,0,0,0,0,0,0,0
"588",8,0,1,0,3,0,1,0,0,15,0,4,9,0,0,3,2,0,0,0,0,8,0,0,0,0,0,0,0,0
"589",0,8,0,1,0,3,0,1,0,0,15,0,4,9,0,0,3,2,0,0,0,0,8,0,0,0,0,0,0,0
"590",11,0,8,0,1,0,3,0,1,0,0,15,0,4,9,0,0,3,2,0,0,0,0,8,0,0,0,0,0,0
"591",0,11,0,8,0,1,0,3,0,1,0,0,15,0,4,9,0,0,3,2,0,0,0,0,8,0,0,0,0,0
"592",0,0,11,0,8,0,1,0,3,0,1,0,0,15,0,4,9,0,0,3,2,0,0,0,0,8,0,0,0,0
"593",1,0,0,11,0,8,0,1,0,3,0,1,0,0,15,0,4,9,0,0,3,2,0,0,0,0,8,0,0,0
"594",0,1,0,0,11,0,8,0,1,0,3,0,1,0,0,15,0,4,9,0,0,3,2,0,0,0,0,8,0,0
"595",0,0,1,0,0,11,0,8,0,1,0,3,0,1,0,0,15,0,4,9,0,0,3,2,0,0,0,0,8,0
"596",1,0,0,1,0,0,11,0,8,0,1,0,3,0,1,0,0,15,0,4,9,0,0,3,2,0,0,0,0,8
"597",0,1,0,0,1,0,0,11,0,8,0,1,0,3,0,1,0,0,15,0,4,9,0,0,3,2,0,0,0,0
"598",0,0,1,0,0,1,0,0,11,0,8,0,1,0,3,0,1,0,0,15,0,4,9,0,0,3,2,0,0,0
"599",0,0,0,1,0,0,1,0,0,11,0,8,0,1,0,3,0,1,0,0,15,0,4,9,0,0,3,2,0,0
"600",2,0,0,0,1,0,0,1,0,0,11,0,8,0,1,0,3,0,1,0,0,15,0,4,9,0,0,3,2,0
"601",0,2,0,0,0,1,0,0,1,0,0,11,0,8,0,1,0,3,0,1,0,0,15,0,4,9,0,0,3,2
"602",0,0,2,0,0,0,1,0,0,1,0,0,11,0,8,0,1,0,3,0,1,0,0,15,0,4,9,0,0,3
"603",0,0,0,2,0,0,0,1,0,0,1,0,0,11,0,8,0,1,0,3,0,1,0,0,15,0,4,9,0,0
"604",1,0,0,0,2,0,0,0,1,0,0,1,0,0,11,0,8,0,1,0,3,0,1,0,0,15,0,4,9,0
"605",0,1,0,0,0,2,0,0,0,1,0,0,1,0,0,11,0,8,0,1,0,3,0,1,0,0,15,0,4,9
"606",0,0,1,0,0,0,2,0,0,0,1,0,0,1,0,0,11,0,8,0,1,0,3,0,1,0,0,15,0,4
"607",2,0,0,1,0,0,0,2,0,0,0,1,0,0,1,0,0,11,0,8,0,1,0,3,0,1,0,0,15,0
"608",0,2,0,0,1,0,0,0,2,0,0,0,1,0,0,1,0,0,11,0,8,0,1,0,3,0,1,0,0,15
"609",0,0,2,0,0,1,0,0,0,2,0,0,0,1,0,0,1,0,0,11,0,8,0,1,0,3,0,1,0,0
"610",0,0,0,2,0,0,1,0,0,0,2,0,0,0,1,0,0,1,0,0,11,0,8,0,1,0,3,0,1,0
"611",0,0,0,0,2,0,0,1,0,0,0,2,0,0,0,1,0,0,1,0,0,11,0,8,0,1,0,3,0,1
"612",1,0,0,0,0,2,0,0,1,0,0,0,2,0,0,0,1,0,0,1,0,0,11,0,8,0,1,0,3,0
"613",0,1,0,0,0,0,2,0,0,1,0,0,0,2,0,0,0,1,0,0,1,0,0,11,0,8,0,1,0,3
"614",0,0,1,0,0,0,0,2,0,0,1,0,0,0,2,0,0,0,1,0,0,1,0,0,11,0,8,0,1,0
"615",1,0,0,1,0,0,0,0,2,0,0,1,0,0,0,2,0,0,0,1,0,0,1,0,0,11,0,8,0,1
"616",0,1,0,0,1,0,0,0,0,2,0,0,1,0,0,0,2,0,0,0,1,0,0,1,0,0,11,0,8,0
"617",0,0,1,0,0,1,0,0,0,0,2,0,0,1,0,0,0,2,0,0,0,1,0,0,1,0,0,11,0,8
"618",6,0,0,1,0,0,1,0,0,0,0,2,0,0,1,0,0,0,2,0,0,0,1,0,0,1,0,0,11,0
"619",0,6,0,0,1,0,0,1,0,0,0,0,2,0,0,1,0,0,0,2,0,0,0,1,0,0,1,0,0,11
"620",0,0,6,0,0,1,0,0,1,0,0,0,0,2,0,0,1,0,0,0,2,0,0,0,1,0,0,1,0,0
"621",0,0,0,6,0,0,1,0,0,1,0,0,0,0,2,0,0,1,0,0,0,2,0,0,0,1,0,0,1,0
"622",0,0,0,0,6,0,0,1,0,0,1,0,0,0,0,2,0,0,1,0,0,0,2,0,0,0,1,0,0,1
"623",0,0,0,0,0,6,0,0,1,0,0,1,0,0,0,0,2,0,0,1,0,0,0,2,0,0,0,1,0,0
"624",0,0,0,0,0,0,6,0,0,1,0,0,1,0,0,0,0,2,0,0,1,0,0,0,2,0,0,0,1,0
"625",0,0,0,0,0,0,0,6,0,0,1,0,0,1,0,0,0,0,2,0,0,1,0,0,0,2,0,0,0,1
"626",0,0,0,0,0,0,0,0,6,0,0,1,0,0,1,0,0,0,0,2,0,0,1,0,0,0,2,0,0,0
"627",0,0,0,0,0,0,0,0,0,6,0,0,1,0,0,1,0,0,0,0,2,0,0,1,0,0,0,2,0,0
"628",0,0,0,0,0,0,0,0,0,0,6,0,0,1,0,0,1,0,0,0,0,2,0,0,1,0,0,0,2,0
"629",0,0,0,0,0,0,0,0,0,0,0,6,0,0,1,0,0,1,0,0,0,0,2,0,0,1,0,0,0,2
"630",0,0,0,0,0,0,0,0,0,0,0,0,6,0,0,1,0,0,1,0,0,0,0,2,0,0,1,0,0,0
"631",0,0,0,0,0,0,0,0,0,0,0,0,0,6,0,0,1,0,0,1,0,0,0,0,2,0,0,1,0,0
"632",2,0,0,0,0,0,0,0,0,0,0,0,0,0,6,0,0,1,0,0,1,0,0,0,0,2,0,0,1,0
"633",0,2,0,0,0,0,0,0,0,0,0,0,0,0,0,6,0,0,1,0,0,1,0,0,0,0,2,0,0,1
"634",0,0,2,0,0,0,0,0,0,0,0,0,0,0,0,0,6,0,0,1,0,0,1,0,0,0,0,2,0,0
"635",0,0,0,2,0,0,0,0,0,0,0,0,0,0,0,0,0,6,0,0,1,0,0,1,0,0,0,0,2,0
"636",9,0,0,0,2,0,0,0,0,0,0,0,0,0,0,0,0,0,6,0,0,1,0,0,1,0,0,0,0,2
"637",0,9,0,0,0,2,0,0,0,0,0,0,0,0,0,0,0,0,0,6,0,0,1,0,0,1,0,0,0,0
"638",0,0,9,0,0,0,2,0,0,0,0,0,0,0,0,0,0,0,0,0,6,0,0,1,0,0,1,0,0,0
"639",0,0,0,9,0,0,0,2,0,0,0,0,0,0,0,0,0,0,0,0,0,6,0,0,1,0,0,1,0,0
"640",0,0,0,0,9,0,0,0,2,0,0,0,0,0,0,0,0,0,0,0,0,0,6,0,0,1,0,0,1,0
"641",13,0,0,0,0,9,0,0,0,2,0,0,0,0,0,0,0,0,0,0,0,0,0,6,0,0,1,0,0,1
"642",3,13,0,0,0,0,9,0,0,0,2,0,0,0,0,0,0,0,0,0,0,0,0,0,6,0,0,1,0,0
"643",0,3,13,0,0,0,0,9,0,0,0,2,0,0,0,0,0,0,0,0,0,0,0,0,0,6,0,0,1,0
"644",0,0,3,13,0,0,0,0,9,0,0,0,2,0,0,0,0,0,0,0,0,0,0,0,0,0,6,0,0,1
"645",5,0,0,3,13,0,0,0,0,9,0,0,0,2,0,0,0,0,0,0,0,0,0,0,0,0,0,6,0,0
"646",6,5,0,0,3,13,0,0,0,0,9,0,0,0,2,0,0,0,0,0,0,0,0,0,0,0,0,0,6,0
"647",0,6,5,0,0,3,13,0,0,0,0,9,0,0,0,2,0,0,0,0,0,0,0,0,0,0,0,0,0,6
"648",0,0,6,5,0,0,3,13,0,0,0,0,9,0,0,0,2,0,0,0,0,0,0,0,0,0,0,0,0,0
"649",3,0,0,6,5,0,0,3,13,0,0,0,0,9,0,0,0,2,0,0,0,0,0,0,0,0,0,0,0,0
"650",6,3,0,0,6,5,0,0,3,13,0,0,0,0,9,0,0,0,2,0,0,0,0,0,0,0,0,0,0,0
"651",0,6,3,0,0,6,5,0,0,3,13,0,0,0,0,9,0,0,0,2,0,0,0,0,0,0,0,0,0,0
"652",0,0,6,3,0,0,6,5,0,0,3,13,0,0,0,0,9,0,0,0,2,0,0,0,0,0,0,0,0,0
"653",0,0,0,6,3,0,0,6,5,0,0,3,13,0,0,0,0,9,0,0,0,2,0,0,0,0,0,0,0,0
"654",7,0,0,0,6,3,0,0,6,5,0,0,3,13,0,0,0,0,9,0,0,0,2,0,0,0,0,0,0,0
"655",0,7,0,0,0,6,3,0,0,6,5,0,0,3,13,0,0,0,0,9,0,0,0,2,0,0,0,0,0,0
"656",0,0,7,0,0,0,6,3,0,0,6,5,0,0,3,13,0,0,0,0,9,0,0,0,2,0,0,0,0,0
"657",0,0,0,7,0,0,0,6,3,0,0,6,5,0,0,3,13,0,0,0,0,9,0,0,0,2,0,0,0,0
"658",0,0,0,0,7,0,0,0,6,3,0,0,6,5,0,0,3,13,0,0,0,0,9,0,0,0,2,0,0,0
"659",3,0,0,0,0,7,0,0,0,6,3,0,0,6,5,0,0,3,13,0,0,0,0,9,0,0,0,2,0,0
"660",0,3,0,0,0,0,7,0,0,0,6,3,0,0,6,5,0,0,3,13,0,0,0,0,9,0,0,0,2,0
"661",0,0,3,0,0,0,0,7,0,0,0,6,3,0,0,6,5,0,0,3,13,0,0,0,0,9,0,0,0,2
"662",0,0,0,3,0,0,0,0,7,0,0,0,6,3,0,0,6,5,0,0,3,13,0,0,0,0,9,0,0,0
"663",0,0,0,0,3,0,0,0,0,7,0,0,0,6,3,0,0,6,5,0,0,3,13,0,0,0,0,9,0,0
"664",2,0,0,0,0,3,0,0,0,0,7,0,0,0,6,3,0,0,6,5,0,0,3,13,0,0,0,0,9,0
"665",1,2,0,0,0,0,3,0,0,0,0,7,0,0,0,6,3,0,0,6,5,0,0,3,13,0,0,0,0,9
"666",0,1,2,0,0,0,0,3,0,0,0,0,7,0,0,0,6,3,0,0,6,5,0,0,3,13,0,0,0,0
"667",0,0,1,2,0,0,0,0,3,0,0,0,0,7,0,0,0,6,3,0,0,6,5,0,0,3,13,0,0,0
"668",0,0,0,1,2,0,0,0,0,3,0,0,0,0,7,0,0,0,6,3,0,0,6,5,0,0,3,13,0,0
"669",0,0,0,0,1,2,0,0,0,0,3,0,0,0,0,7,0,0,0,6,3,0,0,6,5,0,0,3,13,0
"670",0,0,0,0,0,1,2,0,0,0,0,3,0,0,0,0,7,0,0,0,6,3,0,0,6,5,0,0,3,13
"671",6,0,0,0,0,0,1,2,0,0,0,0,3,0,0,0,0,7,0,0,0,6,3,0,0,6,5,0,0,3
"672",0,6,0,0,0,0,0,1,2,0,0,0,0,3,0,0,0,0,7,0,0,0,6,3,0,0,6,5,0,0
"673",1,0,6,0,0,0,0,0,1,2,0,0,0,0,3,0,0,0,0,7,0,0,0,6,3,0,0,6,5,0
"674",0,1,0,6,0,0,0,0,0,1,2,0,0,0,0,3,0,0,0,0,7,0,0,0,6,3,0,0,6,5
"675",0,0,1,0,6,0,0,0,0,0,1,2,0,0,0,0,3,0,0,0,0,7,0,0,0,6,3,0,0,6
"676",0,0,0,1,0,6,0,0,0,0,0,1,2,0,0,0,0,3,0,0,0,0,7,0,0,0,6,3,0,0
"677",0,0,0,0,1,0,6,0,0,0,0,0,1,2,0,0,0,0,3,0,0,0,0,7,0,0,0,6,3,0
"678",0,0,0,0,0,1,0,6,0,0,0,0,0,1,2,0,0,0,0,3,0,0,0,0,7,0,0,0,6,3
"679",0,0,0,0,0,0,1,0,6,0,0,0,0,0,1,2,0,0,0,0,3,0,0,0,0,7,0,0,0,6
"680",0,0,0,0,0,0,0,1,0,6,0,0,0,0,0,1,2,0,0,0,0,3,0,0,0,0,7,0,0,0
"681",0,0,0,0,0,0,0,0,1,0,6,0,0,0,0,0,1,2,0,0,0,0,3,0,0,0,0,7,0,0
"682",0,0,0,0,0,0,0,0,0,1,0,6,0,0,0,0,0,1,2,0,0,0,0,3,0,0,0,0,7,0
"683",0,0,0,0,0,0,0,0,0,0,1,0,6,0,0,0,0,0,1,2,0,0,0,0,3,0,0,0,0,7
"684",0,0,0,0,0,0,0,0,0,0,0,1,0,6,0,0,0,0,0,1,2,0,0,0,0,3,0,0,0,0
"685",1,0,0,0,0,0,0,0,0,0,0,0,1,0,6,0,0,0,0,0,1,2,0,0,0,0,3,0,0,0
"686",3,1,0,0,0,0,0,0,0,0,0,0,0,1,0,6,0,0,0,0,0,1,2,0,0,0,0,3,0,0
"687",0,3,1,0,0,0,0,0,0,0,0,0,0,0,1,0,6,0,0,0,0,0,1,2,0,0,0,0,3,0
"688",0,0,3,1,0,0,0,0,0,0,0,0,0,0,0,1,0,6,0,0,0,0,0,1,2,0,0,0,0,3
"689",0,0,0,3,1,0,0,0,0,0,0,0,0,0,0,0,1,0,6,0,0,0,0,0,1,2,0,0,0,0
"690",0,0,0,0,3,1,0,0,0,0,0,0,0,0,0,0,0,1,0,6,0,0,0,0,0,1,2,0,0,0
"691",0,0,0,0,0,3,1,0,0,0,0,0,0,0,0,0,0,0,1,0,6,0,0,0,0,0,1,2,0,0
"692",0,0,0,0,0,0,3,1,0,0,0,0,0,0,0,0,0,0,0,1,0,6,0,0,0,0,0,1,2,0
"693",2,0,0,0,0,0,0,3,1,0,0,0,0,0,0,0,0,0,0,0,1,0,6,0,0,0,0,0,1,2
"694",0,2,0,0,0,0,0,0,3,1,0,0,0,0,0,0,0,0,0,0,0,1,0,6,0,0,0,0,0,1
"695",0,0,2,0,0,0,0,0,0,3,1,0,0,0,0,0,0,0,0,0,0,0,1,0,6,0,0,0,0,0
"696",0,0,0,2,0,0,0,0,0,0,3,1,0,0,0,0,0,0,0,0,0,0,0,1,0,6,0,0,0,0
"697",0,0,0,0,2,0,0,0,0,0,0,3,1,0,0,0,0,0,0,0,0,0,0,0,1,0,6,0,0,0
"698",1,0,0,0,0,2,0,0,0,0,0,0,3,1,0,0,0,0,0,0,0,0,0,0,0,1,0,6,0,0
"699",0,1,0,0,0,0,2,0,0,0,0,0,0,3,1,0,0,0,0,0,0,0,0,0,0,0,1,0,6,0
"700",0,0,1,0,0,0,0,2,0,0,0,0,0,0,3,1,0,0,0,0,0,0,0,0,0,0,0,1,0,6
"701",2,0,0,1,0,0,0,0,2,0,0,0,0,0,0,3,1,0,0,0,0,0,0,0,0,0,0,0,1,0
"702",1,2,0,0,1,0,0,0,0,2,0,0,0,0,0,0,3,1,0,0,0,0,0,0,0,0,0,0,0,1
"703",0,1,2,0,0,1,0,0,0,0,2,0,0,0,0,0,0,3,1,0,0,0,0,0,0,0,0,0,0,0
"704",0,0,1,2,0,0,1,0,0,0,0,2,0,0,0,0,0,0,3,1,0,0,0,0,0,0,0,0,0,0
"705",0,0,0,1,2,0,0,1,0,0,0,0,2,0,0,0,0,0,0,3,1,0,0,0,0,0,0,0,0,0
"706",0,0,0,0,1,2,0,0,1,0,0,0,0,2,0,0,0,0,0,0,3,1,0,0,0,0,0,0,0,0
"707",7,0,0,0,0,1,2,0,0,1,0,0,0,0,2,0,0,0,0,0,0,3,1,0,0,0,0,0,0,0
"708",0,7,0,0,0,0,1,2,0,0,1,0,0,0,0,2,0,0,0,0,0,0,3,1,0,0,0,0,0,0
"709",0,0,7,0,0,0,0,1,2,0,0,1,0,0,0,0,2,0,0,0,0,0,0,3,1,0,0,0,0,0
"710",0,0,0,7,0,0,0,0,1,2,0,0,1,0,0,0,0,2,0,0,0,0,0,0,3,1,0,0,0,0
"711",0,0,0,0,7,0,0,0,0,1,2,0,0,1,0,0,0,0,2,0,0,0,0,0,0,3,1,0,0,0
"712",1,0,0,0,0,7,0,0,0,0,1,2,0,0,1,0,0,0,0,2,0,0,0,0,0,0,3,1,0,0
"713",0,1,0,0,0,0,7,0,0,0,0,1,2,0,0,1,0,0,0,0,2,0,0,0,0,0,0,3,1,0
"714",0,0,1,0,0,0,0,7,0,0,0,0,1,2,0,0,1,0,0,0,0,2,0,0,0,0,0,0,3,1
"715",0,0,0,1,0,0,0,0,7,0,0,0,0,1,2,0,0,1,0,0,0,0,2,0,0,0,0,0,0,3
"716",0,0,0,0,1,0,0,0,0,7,0,0,0,0,1,2,0,0,1,0,0,0,0,2,0,0,0,0,0,0
"717",0,0,0,0,0,1,0,0,0,0,7,0,0,0,0,1,2,0,0,1,0,0,0,0,2,0,0,0,0,0
"718",0,0,0,0,0,0,1,0,0,0,0,7,0,0,0,0,1,2,0,0,1,0,0,0,0,2,0,0,0,0
"719",3,0,0,0,0,0,0,1,0,0,0,0,7,0,0,0,0,1,2,0,0,1,0,0,0,0,2,0,0,0
"720",0,3,0,0,0,0,0,0,1,0,0,0,0,7,0,0,0,0,1,2,0,0,1,0,0,0,0,2,0,0
"721",0,0,3,0,0,0,0,0,0,1,0,0,0,0,7,0,0,0,0,1,2,0,0,1,0,0,0,0,2,0
"722",2,0,0,3,0,0,0,0,0,0,1,0,0,0,0,7,0,0,0,0,1,2,0,0,1,0,0,0,0,2
"723",0,2,0,0,3,0,0,0,0,0,0,1,0,0,0,0,7,0,0,0,0,1,2,0,0,1,0,0,0,0
"724",0,0,2,0,0,3,0,0,0,0,0,0,1,0,0,0,0,7,0,0,0,0,1,2,0,0,1,0,0,0
"725",0,0,0,2,0,0,3,0,0,0,0,0,0,1,0,0,0,0,7,0,0,0,0,1,2,0,0,1,0,0
"726",0,0,0,0,2,0,0,3,0,0,0,0,0,0,1,0,0,0,0,7,0,0,0,0,1,2,0,0,1,0
"727",0,0,0,0,0,2,0,0,3,0,0,0,0,0,0,1,0,0,0,0,7,0,0,0,0,1,2,0,0,1
"728",0,0,0,0,0,0,2,0,0,3,0,0,0,0,0,0,1,0,0,0,0,7,0,0,0,0,1,2,0,0
"729",0,0,0,0,0,0,0,2,0,0,3,0,0,0,0,0,0,1,0,0,0,0,7,0,0,0,0,1,2,0
"730",9,0,0,0,0,0,0,0,2,0,0,3,0,0,0,0,0,0,1,0,0,0,0,7,0,0,0,0,1,2
"731",0,9,0,0,0,0,0,0,0,2,0,0,3,0,0,0,0,0,0,1,0,0,0,0,7,0,0,0,0,1
"732",0,0,9,0,0,0,0,0,0,0,2,0,0,3,0,0,0,0,0,0,1,0,0,0,0,7,0,0,0,0
"733",0,0,0,9,0,0,0,0,0,0,0,2,0,0,3,0,0,0,0,0,0,1,0,0,0,0,7,0,0,0
"734",0,0,0,0,9,0,0,0,0,0,0,0,2,0,0,3,0,0,0,0,0,0,1,0,0,0,0,7,0,0
"735",0,0,0,0,0,9,0,0,0,0,0,0,0,2,0,0,3,0,0,0,0,0,0,1,0,0,0,0,7,0
"736",0,0,0,0,0,0,9,0,0,0,0,0,0,0,2,0,0,3,0,0,0,0,0,0,1,0,0,0,0,7
"737",0,0,0,0,0,0,0,9,0,0,0,0,0,0,0,2,0,0,3,0,0,0,0,0,0,1,0,0,0,0
"738",0,0,0,0,0,0,0,0,9,0,0,0,0,0,0,0,2,0,0,3,0,0,0,0,0,0,1,0,0,0
"739",0,0,0,0,0,0,0,0,0,9,0,0,0,0,0,0,0,2,0,0,3,0,0,0,0,0,0,1,0,0
"740",0,0,0,0,0,0,0,0,0,0,9,0,0,0,0,0,0,0,2,0,0,3,0,0,0,0,0,0,1,0
"741",0,0,0,0,0,0,0,0,0,0,0,9,0,0,0,0,0,0,0,2,0,0,3,0,0,0,0,0,0,1
"742",0,0,0,0,0,0,0,0,0,0,0,0,9,0,0,0,0,0,0,0,2,0,0,3,0,0,0,0,0,0
"743",0,0,0,0,0,0,0,0,0,0,0,0,0,9,0,0,0,0,0,0,0,2,0,0,3,0,0,0,0,0
"744",0,0,0,0,0,0,0,0,0,0,0,0,0,0,9,0,0,0,0,0,0,0,2,0,0,3,0,0,0,0
"745",3,0,0,0,0,0,0,0,0,0,0,0,0,0,0,9,0,0,0,0,0,0,0,2,0,0,3,0,0,0
"746",0,3,0,0,0,0,0,0,0,0,0,0,0,0,0,0,9,0,0,0,0,0,0,0,2,0,0,3,0,0
"747",0,0,3,0,0,0,0,0,0,0,0,0,0,0,0,0,0,9,0,0,0,0,0,0,0,2,0,0,3,0
"748",0,0,0,3,0,0,0,0,0,0,0,0,0,0,0,0,0,0,9,0,0,0,0,0,0,0,2,0,0,3
"749",0,0,0,0,3,0,0,0,0,0,0,0,0,0,0,0,0,0,0,9,0,0,0,0,0,0,0,2,0,0
"750",0,0,0,0,0,3,0,0,0,0,0,0,0,0,0,0,0,0,0,0,9,0,0,0,0,0,0,0,2,0
"751",1,0,0,0,0,0,3,0,0,0,0,0,0,0,0,0,0,0,0,0,0,9,0,0,0,0,0,0,0,2
"752",0,1,0,0,0,0,0,3,0,0,0,0,0,0,0,0,0,0,0,0,0,0,9,0,0,0,0,0,0,0
"753",1,0,1,0,0,0,0,0,3,0,0,0,0,0,0,0,0,0,0,0,0,0,0,9,0,0,0,0,0,0
"754",0,1,0,1,0,0,0,0,0,3,0,0,0,0,0,0,0,0,0,0,0,0,0,0,9,0,0,0,0,0
"755",1,0,1,0,1,0,0,0,0,0,3,0,0,0,0,0,0,0,0,0,0,0,0,0,0,9,0,0,0,0
"756",4,1,0,1,0,1,0,0,0,0,0,3,0,0,0,0,0,0,0,0,0,0,0,0,0,0,9,0,0,0
"757",0,4,1,0,1,0,1,0,0,0,0,0,3,0,0,0,0,0,0,0,0,0,0,0,0,0,0,9,0,0
"758",13,0,4,1,0,1,0,1,0,0,0,0,0,3,0,0,0,0,0,0,0,0,0,0,0,0,0,0,9,0
"759",1,13,0,4,1,0,1,0,1,0,0,0,0,0,3,0,0,0,0,0,0,0,0,0,0,0,0,0,0,9
"760",0,1,13,0,4,1,0,1,0,1,0,0,0,0,0,3,0,0,0,0,0,0,0,0,0,0,0,0,0,0
"761",12,0,1,13,0,4,1,0,1,0,1,0,0,0,0,0,3,0,0,0,0,0,0,0,0,0,0,0,0,0
"762",7,12,0,1,13,0,4,1,0,1,0,1,0,0,0,0,0,3,0,0,0,0,0,0,0,0,0,0,0,0
"763",0,7,12,0,1,13,0,4,1,0,1,0,1,0,0,0,0,0,3,0,0,0,0,0,0,0,0,0,0,0
"764",0,0,7,12,0,1,13,0,4,1,0,1,0,1,0,0,0,0,0,3,0,0,0,0,0,0,0,0,0,0
"765",0,0,0,7,12,0,1,13,0,4,1,0,1,0,1,0,0,0,0,0,3,0,0,0,0,0,0,0,0,0
"766",8,0,0,0,7,12,0,1,13,0,4,1,0,1,0,1,0,0,0,0,0,3,0,0,0,0,0,0,0,0
"767",10,8,0,0,0,7,12,0,1,13,0,4,1,0,1,0,1,0,0,0,0,0,3,0,0,0,0,0,0,0
"768",3,10,8,0,0,0,7,12,0,1,13,0,4,1,0,1,0,1,0,0,0,0,0,3,0,0,0,0,0,0
"769",5,3,10,8,0,0,0,7,12,0,1,13,0,4,1,0,1,0,1,0,0,0,0,0,3,0,0,0,0,0
"770",0,5,3,10,8,0,0,0,7,12,0,1,13,0,4,1,0,1,0,1,0,0,0,0,0,3,0,0,0,0
"771",0,0,5,3,10,8,0,0,0,7,12,0,1,13,0,4,1,0,1,0,1,0,0,0,0,0,3,0,0,0
"772",0,0,0,5,3,10,8,0,0,0,7,12,0,1,13,0,4,1,0,1,0,1,0,0,0,0,0,3,0,0
"773",0,0,0,0,5,3,10,8,0,0,0,7,12,0,1,13,0,4,1,0,1,0,1,0,0,0,0,0,3,0
"774",0,0,0,0,0,5,3,10,8,0,0,0,7,12,0,1,13,0,4,1,0,1,0,1,0,0,0,0,0,3
"775",0,0,0,0,0,0,5,3,10,8,0,0,0,7,12,0,1,13,0,4,1,0,1,0,1,0,0,0,0,0
"776",2,0,0,0,0,0,0,5,3,10,8,0,0,0,7,12,0,1,13,0,4,1,0,1,0,1,0,0,0,0
"777",0,2,0,0,0,0,0,0,5,3,10,8,0,0,0,7,12,0,1,13,0,4,1,0,1,0,1,0,0,0
"778",0,0,2,0,0,0,0,0,0,5,3,10,8,0,0,0,7,12,0,1,13,0,4,1,0,1,0,1,0,0
"779",0,0,0,2,0,0,0,0,0,0,5,3,10,8,0,0,0,7,12,0,1,13,0,4,1,0,1,0,1,0
"780",0,0,0,0,2,0,0,0,0,0,0,5,3,10,8,0,0,0,7,12,0,1,13,0,4,1,0,1,0,1
"781",1,0,0,0,0,2,0,0,0,0,0,0,5,3,10,8,0,0,0,7,12,0,1,13,0,4,1,0,1,0
"782",0,1,0,0,0,0,2,0,0,0,0,0,0,5,3,10,8,0,0,0,7,12,0,1,13,0,4,1,0,1
"783",3,0,1,0,0,0,0,2,0,0,0,0,0,0,5,3,10,8,0,0,0,7,12,0,1,13,0,4,1,0
"784",0,3,0,1,0,0,0,0,2,0,0,0,0,0,0,5,3,10,8,0,0,0,7,12,0,1,13,0,4,1
"785",0,0,3,0,1,0,0,0,0,2,0,0,0,0,0,0,5,3,10,8,0,0,0,7,12,0,1,13,0,4
"786",5,0,0,3,0,1,0,0,0,0,2,0,0,0,0,0,0,5,3,10,8,0,0,0,7,12,0,1,13,0
"787",0,5,0,0,3,0,1,0,0,0,0,2,0,0,0,0,0,0,5,3,10,8,0,0,0,7,12,0,1,13
"788",0,0,5,0,0,3,0,1,0,0,0,0,2,0,0,0,0,0,0,5,3,10,8,0,0,0,7,12,0,1
"789",0,0,0,5,0,0,3,0,1,0,0,0,0,2,0,0,0,0,0,0,5,3,10,8,0,0,0,7,12,0
"790",7,0,0,0,5,0,0,3,0,1,0,0,0,0,2,0,0,0,0,0,0,5,3,10,8,0,0,0,7,12
"791",0,7,0,0,0,5,0,0,3,0,1,0,0,0,0,2,0,0,0,0,0,0,5,3,10,8,0,0,0,7
"792",1,0,7,0,0,0,5,0,0,3,0,1,0,0,0,0,2,0,0,0,0,0,0,5,3,10,8,0,0,0
"793",2,1,0,7,0,0,0,5,0,0,3,0,1,0,0,0,0,2,0,0,0,0,0,0,5,3,10,8,0,0
"794",1,2,1,0,7,0,0,0,5,0,0,3,0,1,0,0,0,0,2,0,0,0,0,0,0,5,3,10,8,0
"795",0,1,2,1,0,7,0,0,0,5,0,0,3,0,1,0,0,0,0,2,0,0,0,0,0,0,5,3,10,8
"796",0,0,1,2,1,0,7,0,0,0,5,0,0,3,0,1,0,0,0,0,2,0,0,0,0,0,0,5,3,10
"797",13,0,0,1,2,1,0,7,0,0,0,5,0,0,3,0,1,0,0,0,0,2,0,0,0,0,0,0,5,3
"798",7,13,0,0,1,2,1,0,7,0,0,0,5,0,0,3,0,1,0,0,0,0,2,0,0,0,0,0,0,5
"799",0,7,13,0,0,1,2,1,0,7,0,0,0,5,0,0,3,0,1,0,0,0,0,2,0,0,0,0,0,0
"800",0,0,7,13,0,0,1,2,1,0,7,0,0,0,5,0,0,3,0,1,0,0,0,0,2,0,0,0,0,0
"801",0,0,0,7,13,0,0,1,2,1,0,7,0,0,0,5,0,0,3,0,1,0,0,0,0,2,0,0,0,0
"802",0,0,0,0,7,13,0,0,1,2,1,0,7,0,0,0,5,0,0,3,0,1,0,0,0,0,2,0,0,0
"803",1,0,0,0,0,7,13,0,0,1,2,1,0,7,0,0,0,5,0,0,3,0,1,0,0,0,0,2,0,0
"804",0,1,0,0,0,0,7,13,0,0,1,2,1,0,7,0,0,0,5,0,0,3,0,1,0,0,0,0,2,0
"805",0,0,1,0,0,0,0,7,13,0,0,1,2,1,0,7,0,0,0,5,0,0,3,0,1,0,0,0,0,2
"806",0,0,0,1,0,0,0,0,7,13,0,0,1,2,1,0,7,0,0,0,5,0,0,3,0,1,0,0,0,0
"807",1,0,0,0,1,0,0,0,0,7,13,0,0,1,2,1,0,7,0,0,0,5,0,0,3,0,1,0,0,0
"808",0,1,0,0,0,1,0,0,0,0,7,13,0,0,1,2,1,0,7,0,0,0,5,0,0,3,0,1,0,0
"809",0,0,1,0,0,0,1,0,0,0,0,7,13,0,0,1,2,1,0,7,0,0,0,5,0,0,3,0,1,0
"810",0,0,0,1,0,0,0,1,0,0,0,0,7,13,0,0,1,2,1,0,7,0,0,0,5,0,0,3,0,1
"811",0,0,0,0,1,0,0,0,1,0,0,0,0,7,13,0,0,1,2,1,0,7,0,0,0,5,0,0,3,0
"812",6,0,0,0,0,1,0,0,0,1,0,0,0,0,7,13,0,0,1,2,1,0,7,0,0,0,5,0,0,3
"813",0,6,0,0,0,0,1,0,0,0,1,0,0,0,0,7,13,0,0,1,2,1,0,7,0,0,0,5,0,0
"814",0,0,6,0,0,0,0,1,0,0,0,1,0,0,0,0,7,13,0,0,1,2,1,0,7,0,0,0,5,0
"815",0,0,0,6,0,0,0,0,1,0,0,0,1,0,0,0,0,7,13,0,0,1,2,1,0,7,0,0,0,5
"816",0,0,0,0,6,0,0,0,0,1,0,0,0,1,0,0,0,0,7,13,0,0,1,2,1,0,7,0,0,0
"817",0,0,0,0,0,6,0,0,0,0,1,0,0,0,1,0,0,0,0,7,13,0,0,1,2,1,0,7,0,0
"818",1,0,0,0,0,0,6,0,0,0,0,1,0,0,0,1,0,0,0,0,7,13,0,0,1,2,1,0,7,0
"819",0,1,0,0,0,0,0,6,0,0,0,0,1,0,0,0,1,0,0,0,0,7,13,0,0,1,2,1,0,7
"820",0,0,1,0,0,0,0,0,6,0,0,0,0,1,0,0,0,1,0,0,0,0,7,13,0,0,1,2,1,0
"821",0,0,0,1,0,0,0,0,0,6,0,0,0,0,1,0,0,0,1,0,0,0,0,7,13,0,0,1,2,1
"822",0,0,0,0,1,0,0,0,0,0,6,0,0,0,0,1,0,0,0,1,0,0,0,0,7,13,0,0,1,2
"823",2,0,0,0,0,1,0,0,0,0,0,6,0,0,0,0,1,0,0,0,1,0,0,0,0,7,13,0,0,1
"824",0,2,0,0,0,0,1,0,0,0,0,0,6,0,0,0,0,1,0,0,0,1,0,0,0,0,7,13,0,0
"825",0,0,2,0,0,0,0,1,0,0,0,0,0,6,0,0,0,0,1,0,0,0,1,0,0,0,0,7,13,0
"826",0,0,0,2,0,0,0,0,1,0,0,0,0,0,6,0,0,0,0,1,0,0,0,1,0,0,0,0,7,13
"827",0,0,0,0,2,0,0,0,0,1,0,0,0,0,0,6,0,0,0,0,1,0,0,0,1,0,0,0,0,7
"828",0,0,0,0,0,2,0,0,0,0,1,0,0,0,0,0,6,0,0,0,0,1,0,0,0,1,0,0,0,0
"829",4,0,0,0,0,0,2,0,0,0,0,1,0,0,0,0,0,6,0,0,0,0,1,0,0,0,1,0,0,0
"830",1,4,0,0,0,0,0,2,0,0,0,0,1,0,0,0,0,0,6,0,0,0,0,1,0,0,0,1,0,0
"831",2,1,4,0,0,0,0,0,2,0,0,0,0,1,0,0,0,0,0,6,0,0,0,0,1,0,0,0,1,0
"832",0,2,1,4,0,0,0,0,0,2,0,0,0,0,1,0,0,0,0,0,6,0,0,0,0,1,0,0,0,1
"833",0,0,2,1,4,0,0,0,0,0,2,0,0,0,0,1,0,0,0,0,0,6,0,0,0,0,1,0,0,0
"834",0,0,0,2,1,4,0,0,0,0,0,2,0,0,0,0,1,0,0,0,0,0,6,0,0,0,0,1,0,0
"835",0,0,0,0,2,1,4,0,0,0,0,0,2,0,0,0,0,1,0,0,0,0,0,6,0,0,0,0,1,0
"836",0,0,0,0,0,2,1,4,0,0,0,0,0,2,0,0,0,0,1,0,0,0,0,0,6,0,0,0,0,1
"837",0,0,0,0,0,0,2,1,4,0,0,0,0,0,2,0,0,0,0,1,0,0,0,0,0,6,0,0,0,0
"838",12,0,0,0,0,0,0,2,1,4,0,0,0,0,0,2,0,0,0,0,1,0,0,0,0,0,6,0,0,0
"839",0,12,0,0,0,0,0,0,2,1,4,0,0,0,0,0,2,0,0,0,0,1,0,0,0,0,0,6,0,0
"840",4,0,12,0,0,0,0,0,0,2,1,4,0,0,0,0,0,2,0,0,0,0,1,0,0,0,0,0,6,0
"841",0,4,0,12,0,0,0,0,0,0,2,1,4,0,0,0,0,0,2,0,0,0,0,1,0,0,0,0,0,6
"842",0,0,4,0,12,0,0,0,0,0,0,2,1,4,0,0,0,0,0,2,0,0,0,0,1,0,0,0,0,0
"843",0,0,0,4,0,12,0,0,0,0,0,0,2,1,4,0,0,0,0,0,2,0,0,0,0,1,0,0,0,0
"844",0,0,0,0,4,0,12,0,0,0,0,0,0,2,1,4,0,0,0,0,0,2,0,0,0,0,1,0,0,0
"845",0,0,0,0,0,4,0,12,0,0,0,0,0,0,2,1,4,0,0,0,0,0,2,0,0,0,0,1,0,0
"846",0,0,0,0,0,0,4,0,12,0,0,0,0,0,0,2,1,4,0,0,0,0,0,2,0,0,0,0,1,0
"847",0,0,0,0,0,0,0,4,0,12,0,0,0,0,0,0,2,1,4,0,0,0,0,0,2,0,0,0,0,1
"848",0,0,0,0,0,0,0,0,4,0,12,0,0,0,0,0,0,2,1,4,0,0,0,0,0,2,0,0,0,0
"849",0,0,0,0,0,0,0,0,0,4,0,12,0,0,0,0,0,0,2,1,4,0,0,0,0,0,2,0,0,0
"850",0,0,0,0,0,0,0,0,0,0,4,0,12,0,0,0,0,0,0,2,1,4,0,0,0,0,0,2,0,0
"851",1,0,0,0,0,0,0,0,0,0,0,4,0,12,0,0,0,0,0,0,2,1,4,0,0,0,0,0,2,0
"852",0,1,0,0,0,0,0,0,0,0,0,0,4,0,12,0,0,0,0,0,0,2,1,4,0,0,0,0,0,2
"853",0,0,1,0,0,0,0,0,0,0,0,0,0,4,0,12,0,0,0,0,0,0,2,1,4,0,0,0,0,0
"854",0,0,0,1,0,0,0,0,0,0,0,0,0,0,4,0,12,0,0,0,0,0,0,2,1,4,0,0,0,0
"855",0,0,0,0,1,0,0,0,0,0,0,0,0,0,0,4,0,12,0,0,0,0,0,0,2,1,4,0,0,0
"856",0,0,0,0,0,1,0,0,0,0,0,0,0,0,0,0,4,0,12,0,0,0,0,0,0,2,1,4,0,0
"857",2,0,0,0,0,0,1,0,0,0,0,0,0,0,0,0,0,4,0,12,0,0,0,0,0,0,2,1,4,0
"858",0,2,0,0,0,0,0,1,0,0,0,0,0,0,0,0,0,0,4,0,12,0,0,0,0,0,0,2,1,4
"859",0,0,2,0,0,0,0,0,1,0,0,0,0,0,0,0,0,0,0,4,0,12,0,0,0,0,0,0,2,1
"860",0,0,0,2,0,0,0,0,0,1,0,0,0,0,0,0,0,0,0,0,4,0,12,0,0,0,0,0,0,2
"861",0,0,0,0,2,0,0,0,0,0,1,0,0,0,0,0,0,0,0,0,0,4,0,12,0,0,0,0,0,0
"862",0,0,0,0,0,2,0,0,0,0,0,1,0,0,0,0,0,0,0,0,0,0,4,0,12,0,0,0,0,0
"863",0,0,0,0,0,0,2,0,0,0,0,0,1,0,0,0,0,0,0,0,0,0,0,4,0,12,0,0,0,0
"864",0,0,0,0,0,0,0,2,0,0,0,0,0,1,0,0,0,0,0,0,0,0,0,0,4,0,12,0,0,0
"865",3,0,0,0,0,0,0,0,2,0,0,0,0,0,1,0,0,0,0,0,0,0,0,0,0,4,0,12,0,0
"866",7,3,0,0,0,0,0,0,0,2,0,0,0,0,0,1,0,0,0,0,0,0,0,0,0,0,4,0,12,0
"867",0,7,3,0,0,0,0,0,0,0,2,0,0,0,0,0,1,0,0,0,0,0,0,0,0,0,0,4,0,12
"868",1,0,7,3,0,0,0,0,0,0,0,2,0,0,0,0,0,1,0,0,0,0,0,0,0,0,0,0,4,0
"869",0,1,0,7,3,0,0,0,0,0,0,0,2,0,0,0,0,0,1,0,0,0,0,0,0,0,0,0,0,4
"870",0,0,1,0,7,3,0,0,0,0,0,0,0,2,0,0,0,0,0,1,0,0,0,0,0,0,0,0,0,0
"871",2,0,0,1,0,7,3,0,0,0,0,0,0,0,2,0,0,0,0,0,1,0,0,0,0,0,0,0,0,0
"872",0,2,0,0,1,0,7,3,0,0,0,0,0,0,0,2,0,0,0,0,0,1,0,0,0,0,0,0,0,0
"873",0,0,2,0,0,1,0,7,3,0,0,0,0,0,0,0,2,0,0,0,0,0,1,0,0,0,0,0,0,0
"874",0,0,0,2,0,0,1,0,7,3,0,0,0,0,0,0,0,2,0,0,0,0,0,1,0,0,0,0,0,0
"875",0,0,0,0,2,0,0,1,0,7,3,0,0,0,0,0,0,0,2,0,0,0,0,0,1,0,0,0,0,0
"876",0,0,0,0,0,2,0,0,1,0,7,3,0,0,0,0,0,0,0,2,0,0,0,0,0,1,0,0,0,0
"877",0,0,0,0,0,0,2,0,0,1,0,7,3,0,0,0,0,0,0,0,2,0,0,0,0,0,1,0,0,0
"878",1,0,0,0,0,0,0,2,0,0,1,0,7,3,0,0,0,0,0,0,0,2,0,0,0,0,0,1,0,0
"879",0,1,0,0,0,0,0,0,2,0,0,1,0,7,3,0,0,0,0,0,0,0,2,0,0,0,0,0,1,0
"880",2,0,1,0,0,0,0,0,0,2,0,0,1,0,7,3,0,0,0,0,0,0,0,2,0,0,0,0,0,1
"881",11,2,0,1,0,0,0,0,0,0,2,0,0,1,0,7,3,0,0,0,0,0,0,0,2,0,0,0,0,0
"882",0,11,2,0,1,0,0,0,0,0,0,2,0,0,1,0,7,3,0,0,0,0,0,0,0,2,0,0,0,0
"883",0,0,11,2,0,1,0,0,0,0,0,0,2,0,0,1,0,7,3,0,0,0,0,0,0,0,2,0,0,0
"884",1,0,0,11,2,0,1,0,0,0,0,0,0,2,0,0,1,0,7,3,0,0,0,0,0,0,0,2,0,0
"885",0,1,0,0,11,2,0,1,0,0,0,0,0,0,2,0,0,1,0,7,3,0,0,0,0,0,0,0,2,0
"886",1,0,1,0,0,11,2,0,1,0,0,0,0,0,0,2,0,0,1,0,7,3,0,0,0,0,0,0,0,2
"887",0,1,0,1,0,0,11,2,0,1,0,0,0,0,0,0,2,0,0,1,0,7,3,0,0,0,0,0,0,0
"888",0,0,1,0,1,0,0,11,2,0,1,0,0,0,0,0,0,2,0,0,1,0,7,3,0,0,0,0,0,0
"889",0,0,0,1,0,1,0,0,11,2,0,1,0,0,0,0,0,0,2,0,0,1,0,7,3,0,0,0,0,0
"890",1,0,0,0,1,0,1,0,0,11,2,0,1,0,0,0,0,0,0,2,0,0,1,0,7,3,0,0,0,0
"891",2,1,0,0,0,1,0,1,0,0,11,2,0,1,0,0,0,0,0,0,2,0,0,1,0,7,3,0,0,0
"892",0,2,1,0,0,0,1,0,1,0,0,11,2,0,1,0,0,0,0,0,0,2,0,0,1,0,7,3,0,0
"893",0,0,2,1,0,0,0,1,0,1,0,0,11,2,0,1,0,0,0,0,0,0,2,0,0,1,0,7,3,0
"894",0,0,0,2,1,0,0,0,1,0,1,0,0,11,2,0,1,0,0,0,0,0,0,2,0,0,1,0,7,3
"895",1,0,0,0,2,1,0,0,0,1,0,1,0,0,11,2,0,1,0,0,0,0,0,0,2,0,0,1,0,7
"896",0,1,0,0,0,2,1,0,0,0,1,0,1,0,0,11,2,0,1,0,0,0,0,0,0,2,0,0,1,0
"897",0,0,1,0,0,0,2,1,0,0,0,1,0,1,0,0,11,2,0,1,0,0,0,0,0,0,2,0,0,1
"898",1,0,0,1,0,0,0,2,1,0,0,0,1,0,1,0,0,11,2,0,1,0,0,0,0,0,0,2,0,0
"899",0,1,0,0,1,0,0,0,2,1,0,0,0,1,0,1,0,0,11,2,0,1,0,0,0,0,0,0,2,0
"900",0,0,1,0,0,1,0,0,0,2,1,0,0,0,1,0,1,0,0,11,2,0,1,0,0,0,0,0,0,2
"901",1,0,0,1,0,0,1,0,0,0,2,1,0,0,0,1,0,1,0,0,11,2,0,1,0,0,0,0,0,0
"902",0,1,0,0,1,0,0,1,0,0,0,2,1,0,0,0,1,0,1,0,0,11,2,0,1,0,0,0,0,0
"903",0,0,1,0,0,1,0,0,1,0,0,0,2,1,0,0,0,1,0,1,0,0,11,2,0,1,0,0,0,0
"904",0,0,0,1,0,0,1,0,0,1,0,0,0,2,1,0,0,0,1,0,1,0,0,11,2,0,1,0,0,0
"905",0,0,0,0,1,0,0,1,0,0,1,0,0,0,2,1,0,0,0,1,0,1,0,0,11,2,0,1,0,0
"906",0,0,0,0,0,1,0,0,1,0,0,1,0,0,0,2,1,0,0,0,1,0,1,0,0,11,2,0,1,0
"907",0,0,0,0,0,0,1,0,0,1,0,0,1,0,0,0,2,1,0,0,0,1,0,1,0,0,11,2,0,1
"908",0,0,0,0,0,0,0,1,0,0,1,0,0,1,0,0,0,2,1,0,0,0,1,0,1,0,0,11,2,0
"909",0,0,0,0,0,0,0,0,1,0,0,1,0,0,1,0,0,0,2,1,0,0,0,1,0,1,0,0,11,2
"910",0,0,0,0,0,0,0,0,0,1,0,0,1,0,0,1,0,0,0,2,1,0,0,0,1,0,1,0,0,11
"911",0,0,0,0,0,0,0,0,0,0,1,0,0,1,0,0,1,0,0,0,2,1,0,0,0,1,0,1,0,0
"912",8,0,0,0,0,0,0,0,0,0,0,1,0,0,1,0,0,1,0,0,0,2,1,0,0,0,1,0,1,0
"913",6,8,0,0,0,0,0,0,0,0,0,0,1,0,0,1,0,0,1,0,0,0,2,1,0,0,0,1,0,1
"914",0,6,8,0,0,0,0,0,0,0,0,0,0,1,0,0,1,0,0,1,0,0,0,2,1,0,0,0,1,0
"915",7,0,6,8,0,0,0,0,0,0,0,0,0,0,1,0,0,1,0,0,1,0,0,0,2,1,0,0,0,1
"916",0,7,0,6,8,0,0,0,0,0,0,0,0,0,0,1,0,0,1,0,0,1,0,0,0,2,1,0,0,0
"917",0,0,7,0,6,8,0,0,0,0,0,0,0,0,0,0,1,0,0,1,0,0,1,0,0,0,2,1,0,0
"918",3,0,0,7,0,6,8,0,0,0,0,0,0,0,0,0,0,1,0,0,1,0,0,1,0,0,0,2,1,0
"919",0,3,0,0,7,0,6,8,0,0,0,0,0,0,0,0,0,0,1,0,0,1,0,0,1,0,0,0,2,1
"920",2,0,3,0,0,7,0,6,8,0,0,0,0,0,0,0,0,0,0,1,0,0,1,0,0,1,0,0,0,2
"921",0,2,0,3,0,0,7,0,6,8,0,0,0,0,0,0,0,0,0,0,1,0,0,1,0,0,1,0,0,0
"922",0,0,2,0,3,0,0,7,0,6,8,0,0,0,0,0,0,0,0,0,0,1,0,0,1,0,0,1,0,0
"923",0,0,0,2,0,3,0,0,7,0,6,8,0,0,0,0,0,0,0,0,0,0,1,0,0,1,0,0,1,0
"924",0,0,0,0,2,0,3,0,0,7,0,6,8,0,0,0,0,0,0,0,0,0,0,1,0,0,1,0,0,1
"925",0,0,0,0,0,2,0,3,0,0,7,0,6,8,0,0,0,0,0,0,0,0,0,0,1,0,0,1,0,0
"926",0,0,0,0,0,0,2,0,3,0,0,7,0,6,8,0,0,0,0,0,0,0,0,0,0,1,0,0,1,0
"927",1,0,0,0,0,0,0,2,0,3,0,0,7,0,6,8,0,0,0,0,0,0,0,0,0,0,1,0,0,1
"928",0,1,0,0,0,0,0,0,2,0,3,0,0,7,0,6,8,0,0,0,0,0,0,0,0,0,0,1,0,0
"929",0,0,1,0,0,0,0,0,0,2,0,3,0,0,7,0,6,8,0,0,0,0,0,0,0,0,0,0,1,0
"930",0,0,0,1,0,0,0,0,0,0,2,0,3,0,0,7,0,6,8,0,0,0,0,0,0,0,0,0,0,1
"931",7,0,0,0,1,0,0,0,0,0,0,2,0,3,0,0,7,0,6,8,0,0,0,0,0,0,0,0,0,0
"932",7,7,0,0,0,1,0,0,0,0,0,0,2,0,3,0,0,7,0,6,8,0,0,0,0,0,0,0,0,0
"933",0,7,7,0,0,0,1,0,0,0,0,0,0,2,0,3,0,0,7,0,6,8,0,0,0,0,0,0,0,0
"934",0,0,7,7,0,0,0,1,0,0,0,0,0,0,2,0,3,0,0,7,0,6,8,0,0,0,0,0,0,0
"935",0,0,0,7,7,0,0,0,1,0,0,0,0,0,0,2,0,3,0,0,7,0,6,8,0,0,0,0,0,0
"936",0,0,0,0,7,7,0,0,0,1,0,0,0,0,0,0,2,0,3,0,0,7,0,6,8,0,0,0,0,0
"937",1,0,0,0,0,7,7,0,0,0,1,0,0,0,0,0,0,2,0,3,0,0,7,0,6,8,0,0,0,0
"938",3,1,0,0,0,0,7,7,0,0,0,1,0,0,0,0,0,0,2,0,3,0,0,7,0,6,8,0,0,0
"939",0,3,1,0,0,0,0,7,7,0,0,0,1,0,0,0,0,0,0,2,0,3,0,0,7,0,6,8,0,0
"940",0,0,3,1,0,0,0,0,7,7,0,0,0,1,0,0,0,0,0,0,2,0,3,0,0,7,0,6,8,0
"941",0,0,0,3,1,0,0,0,0,7,7,0,0,0,1,0,0,0,0,0,0,2,0,3,0,0,7,0,6,8
"942",0,0,0,0,3,1,0,0,0,0,7,7,0,0,0,1,0,0,0,0,0,0,2,0,3,0,0,7,0,6
"943",0,0,0,0,0,3,1,0,0,0,0,7,7,0,0,0,1,0,0,0,0,0,0,2,0,3,0,0,7,0
"944",0,0,0,0,0,0,3,1,0,0,0,0,7,7,0,0,0,1,0,0,0,0,0,0,2,0,3,0,0,7
"945",0,0,0,0,0,0,0,3,1,0,0,0,0,7,7,0,0,0,1,0,0,0,0,0,0,2,0,3,0,0
"946",1,0,0,0,0,0,0,0,3,1,0,0,0,0,7,7,0,0,0,1,0,0,0,0,0,0,2,0,3,0
"947",0,1,0,0,0,0,0,0,0,3,1,0,0,0,0,7,7,0,0,0,1,0,0,0,0,0,0,2,0,3
"948",0,0,1,0,0,0,0,0,0,0,3,1,0,0,0,0,7,7,0,0,0,1,0,0,0,0,0,0,2,0
"949",0,0,0,1,0,0,0,0,0,0,0,3,1,0,0,0,0,7,7,0,0,0,1,0,0,0,0,0,0,2
"950",0,0,0,0,1,0,0,0,0,0,0,0,3,1,0,0,0,0,7,7,0,0,0,1,0,0,0,0,0,0
"951",0,0,0,0,0,1,0,0,0,0,0,0,0,3,1,0,0,0,0,7,7,0,0,0,1,0,0,0,0,0
"952",0,0,0,0,0,0,1,0,0,0,0,0,0,0,3,1,0,0,0,0,7,7,0,0,0,1,0,0,0,0
"953",0,0,0,0,0,0,0,1,0,0,0,0,0,0,0,3,1,0,0,0,0,7,7,0,0,0,1,0,0,0
"954",12,0,0,0,0,0,0,0,1,0,0,0,0,0,0,0,3,1,0,0,0,0,7,7,0,0,0,1,0,0
"955",1,12,0,0,0,0,0,0,0,1,0,0,0,0,0,0,0,3,1,0,0,0,0,7,7,0,0,0,1,0
"956",8,1,12,0,0,0,0,0,0,0,1,0,0,0,0,0,0,0,3,1,0,0,0,0,7,7,0,0,0,1
"957",5,8,1,12,0,0,0,0,0,0,0,1,0,0,0,0,0,0,0,3,1,0,0,0,0,7,7,0,0,0
"958",1,5,8,1,12,0,0,0,0,0,0,0,1,0,0,0,0,0,0,0,3,1,0,0,0,0,7,7,0,0
"959",6,1,5,8,1,12,0,0,0,0,0,0,0,1,0,0,0,0,0,0,0,3,1,0,0,0,0,7,7,0
"960",1,6,1,5,8,1,12,0,0,0,0,0,0,0,1,0,0,0,0,0,0,0,3,1,0,0,0,0,7,7
"961",0,1,6,1,5,8,1,12,0,0,0,0,0,0,0,1,0,0,0,0,0,0,0,3,1,0,0,0,0,7
"962",0,0,1,6,1,5,8,1,12,0,0,0,0,0,0,0,1,0,0,0,0,0,0,0,3,1,0,0,0,0
"963",0,0,0,1,6,1,5,8,1,12,0,0,0,0,0,0,0,1,0,0,0,0,0,0,0,3,1,0,0,0
"964",0,0,0,0,1,6,1,5,8,1,12,0,0,0,0,0,0,0,1,0,0,0,0,0,0,0,3,1,0,0
"965",0,0,0,0,0,1,6,1,5,8,1,12,0,0,0,0,0,0,0,1,0,0,0,0,0,0,0,3,1,0
"966",13,0,0,0,0,0,1,6,1,5,8,1,12,0,0,0,0,0,0,0,1,0,0,0,0,0,0,0,3,1
"967",0,13,0,0,0,0,0,1,6,1,5,8,1,12,0,0,0,0,0,0,0,1,0,0,0,0,0,0,0,3
"968",0,0,13,0,0,0,0,0,1,6,1,5,8,1,12,0,0,0,0,0,0,0,1,0,0,0,0,0,0,0
"969",0,0,0,13,0,0,0,0,0,1,6,1,5,8,1,12,0,0,0,0,0,0,0,1,0,0,0,0,0,0
"970",12,0,0,0,13,0,0,0,0,0,1,6,1,5,8,1,12,0,0,0,0,0,0,0,1,0,0,0,0,0
"971",11,12,0,0,0,13,0,0,0,0,0,1,6,1,5,8,1,12,0,0,0,0,0,0,0,1,0,0,0,0
"972",0,11,12,0,0,0,13,0,0,0,0,0,1,6,1,5,8,1,12,0,0,0,0,0,0,0,1,0,0,0
"973",13,0,11,12,0,0,0,13,0,0,0,0,0,1,6,1,5,8,1,12,0,0,0,0,0,0,0,1,0,0
"974",0,13,0,11,12,0,0,0,13,0,0,0,0,0,1,6,1,5,8,1,12,0,0,0,0,0,0,0,1,0
"975",0,0,13,0,11,12,0,0,0,13,0,0,0,0,0,1,6,1,5,8,1,12,0,0,0,0,0,0,0,1
"976",0,0,0,13,0,11,12,0,0,0,13,0,0,0,0,0,1,6,1,5,8,1,12,0,0,0,0,0,0,0
"977",0,0,0,0,13,0,11,12,0,0,0,13,0,0,0,0,0,1,6,1,5,8,1,12,0,0,0,0,0,0
"978",0,0,0,0,0,13,0,11,12,0,0,0,13,0,0,0,0,0,1,6,1,5,8,1,12,0,0,0,0,0
"979",0,0,0,0,0,0,13,0,11,12,0,0,0,13,0,0,0,0,0,1,6,1,5,8,1,12,0,0,0,0
"980",1,0,0,0,0,0,0,13,0,11,12,0,0,0,13,0,0,0,0,0,1,6,1,5,8,1,12,0,0,0
"981",0,1,0,0,0,0,0,0,13,0,11,12,0,0,0,13,0,0,0,0,0,1,6,1,5,8,1,12,0,0
"982",0,0,1,0,0,0,0,0,0,13,0,11,12,0,0,0,13,0,0,0,0,0,1,6,1,5,8,1,12,0
"983",0,0,0,1,0,0,0,0,0,0,13,0,11,12,0,0,0,13,0,0,0,0,0,1,6,1,5,8,1,12
"984",0,0,0,0,1,0,0,0,0,0,0,13,0,11,12,0,0,0,13,0,0,0,0,0,1,6,1,5,8,1
"985",1,0,0,0,0,1,0,0,0,0,0,0,13,0,11,12,0,0,0,13,0,0,0,0,0,1,6,1,5,8
"986",0,1,0,0,0,0,1,0,0,0,0,0,0,13,0,11,12,0,0,0,13,0,0,0,0,0,1,6,1,5
"987",0,0,1,0,0,0,0,1,0,0,0,0,0,0,13,0,11,12,0,0,0,13,0,0,0,0,0,1,6,1
"988",0,0,0,1,0,0,0,0,1,0,0,0,0,0,0,13,0,11,12,0,0,0,13,0,0,0,0,0,1,6
"989",0,0,0,0,1,0,0,0,0,1,0,0,0,0,0,0,13,0,11,12,0,0,0,13,0,0,0,0,0,1
"990",1,0,0,0,0,1,0,0,0,0,1,0,0,0,0,0,0,13,0,11,12,0,0,0,13,0,0,0,0,0
"991",0,1,0,0,0,0,1,0,0,0,0,1,0,0,0,0,0,0,13,0,11,12,0,0,0,13,0,0,0,0
"992",0,0,1,0,0,0,0,1,0,0,0,0,1,0,0,0,0,0,0,13,0,11,12,0,0,0,13,0,0,0
"993",0,0,0,1,0,0,0,0,1,0,0,0,0,1,0,0,0,0,0,0,13,0,11,12,0,0,0,13,0,0
"994",0,0,0,0,1,0,0,0,0,1,0,0,0,0,1,0,0,0,0,0,0,13,0,11,12,0,0,0,13,0
"995",5,0,0,0,0,1,0,0,0,0,1,0,0,0,0,1,0,0,0,0,0,0,13,0,11,12,0,0,0,13
"996",0,5,0,0,0,0,1,0,0,0,0,1,0,0,0,0,1,0,0,0,0,0,0,13,0,11,12,0,0,0
"997",0,0,5,0,0,0,0,1,0,0,0,0,1,0,0,0,0,1,0,0,0,0,0,0,13,0,11,12,0,0
"998",0,0,0,5,0,0,0,0,1,0,0,0,0,1,0,0,0,0,1,0,0,0,0,0,0,13,0,11,12,0
"999",0,0,0,0,5,0,0,0,0,1,0,0,0,0,1,0,0,0,0,1,0,0,0,0,0,0,13,0,11,12
"1000",0,0,0,0,0,5,0,0,0,0,1,0,0,0,0,1,0,0,0,0,1,0,0,0,0,0,0,13,0,11
