"variable","value","station"
1,9414109,"A"
2,5548734,"A"
3,74795,"A"
4,5730008,"A"
5,3477410,"A"
6,123846,"A"
7,3208753,"A"
8,758095,"A"
9,60133,"A"
10,2873655,"A"
11,3649366,"A"
12,2873920,"A"
13,2824681,"A"
14,2920989,"A"
15,1850615,"A"
16,2111029,"A"
17,6740708,"A"
18,1102273,"A"
19,1280516,"A"
20,1378327,"A"
21,7794816,"A"
22,2011912,"A"
23,148085,"A"
24,3533384,"A"
25,10731559,"A"
26,3168315,"A"
27,1873444,"A"
28,11804098,"A"
29,2459347,"A"
30,563755,"A"
31,435101,"A"
32,2256252,"A"
33,1340397,"A"
34,4526209,"A"
35,2304954,"A"
36,19027537,"A"
37,15899826,"A"
38,4662904,"A"
39,1266134,"A"
40,13103229,"A"
41,11863752,"A"
42,1136030,"A"
43,4995327,"A"
44,661876,"A"
45,755143,"A"
46,5386066,"A"
47,1465104,"A"
48,12776077,"A"
49,334372,"A"
50,3809465,"A"
51,420034,"A"
52,3634792,"A"
53,9475999,"A"
54,15394637,"A"
55,1325479,"A"
56,2895518,"A"
57,5318871,"A"
58,1763561,"A"
59,23192462,"A"
60,4663183,"A"
61,399213,"A"
62,1856148,"A"
63,6736209,"A"
64,575653,"A"
65,1029097,"A"
66,989865,"A"
67,16837261,"A"
68,2571968,"A"
69,1972358,"A"
70,6936647,"A"
71,288073,"A"
72,2124686,"A"
73,1527966,"A"
74,8778447,"A"
75,328611,"A"
76,22751566,"A"
77,154949,"A"
78,395545,"A"
79,6172129,"A"
80,3048380,"A"
81,2227073,"A"
82,1908843,"A"
83,2146219,"A"
84,5201969,"A"
85,2296896,"A"
86,6707937,"A"
87,2276974,"A"
88,5809242,"A"
89,2592763,"A"
90,3862292,"A"
91,6078668,"A"
92,679351,"A"
93,931059,"A"
94,4443919,"A"
95,5483261,"A"
96,4382536,"A"
97,5360056,"A"
98,2800013,"A"
99,893037,"A"
100,434593,"A"
101,933983,"A"
102,2827041,"A"
103,17687390,"A"
104,8347848,"A"
105,3636997,"A"
106,1471469,"A"
107,2160663,"A"
108,19333762,"A"
109,2657162,"A"
110,552273,"A"
111,353526,"A"
112,527513,"A"
113,11656589,"A"
114,632045,"A"
115,895618,"A"
116,4591023,"A"
117,6587163,"A"
118,2082503,"A"
119,4742338,"A"
120,10017955,"A"
121,508752,"A"
122,478139,"A"
123,6954081,"A"
124,7770007,"A"
125,6903724,"A"
126,2912711,"A"
127,2397027,"A"
128,6483114,"A"
129,22725094,"A"
130,537654,"A"
131,7560570,"A"
132,2014952,"A"
133,10556084,"A"
134,1558914,"A"
135,375898,"A"
136,5976499,"A"
137,9907038,"A"
138,3891719,"A"
139,598959,"A"
140,5528231,"A"
141,360160,"A"
142,4696822,"A"
143,8118910,"A"
144,4070980,"A"
145,1850984,"A"
146,5247215,"A"
147,6085145,"A"
148,10293245,"A"
149,859856,"A"
150,2212315,"A"
151,1993001,"A"
152,20227127,"A"
153,5271666,"A"
154,14762327,"A"
155,2030282,"A"
156,2426482,"A"
157,1139352,"A"
158,2007355,"A"
159,9735359,"A"
160,2006165,"A"
161,2765388,"A"
162,114103052,"A"
163,5410552,"A"
164,3073080,"A"
165,2163109,"A"
166,1668854,"A"
167,397661,"A"
168,1264000,"A"
169,1033859,"A"
170,921844,"A"
171,170518,"A"
172,1034149,"A"
173,2784379,"A"
174,1457695,"A"
175,979324,"A"
176,26808908,"A"
177,31866133,"A"
178,5434677,"A"
179,434753,"A"
180,677310,"A"
181,518943,"A"
182,912433,"A"
183,6032617,"A"
184,31057187,"A"
185,20593161,"A"
186,31167221,"A"
187,12104813,"A"
188,902640,"A"
189,1276233,"A"
190,1487374,"A"
191,1517740,"A"
192,2382324,"A"
193,7095602,"A"
194,230024,"A"
195,4500977,"A"
196,277378,"A"
197,6995756,"A"
198,252444,"A"
199,1202211,"A"
200,1672287,"A"
201,3970948,"A"
202,14215530,"A"
203,4783584,"A"
204,23628780,"A"
205,2332397,"A"
206,3246615,"A"
207,6954289,"A"
208,5763030,"A"
209,8436385,"A"
210,3670729,"A"
211,2251811,"A"
212,2410847,"A"
213,150355,"A"
214,1391700,"A"
215,86349625,"A"
216,4389146,"A"
217,18992308,"A"
218,221862,"A"
219,5218737,"A"
220,1064966,"A"
221,5422326,"A"
222,20839425,"A"
223,3478636,"A"
224,2330768,"A"
225,9501010,"A"
226,6667756,"A"
227,6144701,"A"
228,60251003,"A"
229,437439,"A"
230,552988,"A"
231,1899818,"A"
232,47471913,"A"
233,31410381,"A"
234,662439,"A"
235,12192314,"A"
236,21232277,"A"
237,21042910,"A"
238,5237418,"A"
239,5682522,"A"
240,5927865,"A"
241,15972205,"A"
242,184623,"A"
243,954346,"A"
244,8514778,"A"
245,8122903,"A"
246,14392993,"A"
247,2182662,"A"
248,1112438,"A"
249,384450,"A"
250,8204553,"A"
251,8593217,"A"
252,2920561,"A"
253,4401638,"A"
254,1339206,"A"
255,3869121,"A"
256,4183914,"A"
257,1110464,"A"
258,4733120,"A"
259,2731568,"A"
260,15675307,"A"
261,5469054,"A"
262,6547905,"A"
263,1437454,"A"
264,16149766,"A"
265,2085349,"A"
266,12032285,"A"
267,44806764,"A"
268,13947806,"A"
269,1082970,"A"
270,2142160,"A"
271,771420,"A"
272,6145962,"A"
273,2789058,"A"
274,1717535,"A"
275,92327,"A"
276,16389245,"A"
277,11002210,"A"
278,483282,"A"
279,264761,"A"
280,146724,"A"
281,763451,"A"
282,18177,"A"
283,6096224,"A"
284,2902578,"A"
285,2352166,"A"
286,83157336,"A"
287,27435873,"A"
288,3349187,"A"
289,31412000,"A"
290,2501338,"A"
291,5584908,"A"
292,23466558,"A"
293,300801,"A"
294,36099317,"A"
295,14885919,"A"
296,11182829,"A"
297,3194773,"A"
298,9376547,"A"
299,5734693,"A"
300,357352,"A"
301,2194255,"A"
302,3058883,"A"
303,350634,"A"
304,584069,"A"
305,3097636,"A"
306,1802665,"A"
307,2773249,"A"
308,182259,"A"
309,411296,"A"
310,2475941,"A"
311,21203399,"A"
312,3960790,"A"
313,192617,"A"
314,267176,"A"
315,1108537,"A"
316,966710,"A"
317,927602,"A"
318,453762,"A"
319,3686079,"A"
320,39427516,"A"
321,20946436,"A"
322,2099051,"A"
323,278132,"A"
324,4091647,"A"
325,2274886,"A"
326,651041,"A"
327,21376702,"A"
328,128269230,"A"
329,3395744,"A"
330,5755559,"A"
331,1036108,"A"
332,1819490,"A"
333,7504124,"A"
334,1235066,"A"
335,2431040,"A"
336,1341034,"A"
337,1820342,"A"
338,1165538,"A"
339,2849992,"A"
340,21329479,"A"
341,1818682,"A"
342,3779792,"A"
343,3610652,"A"
344,14255835,"A"
345,4302336,"A"
346,12784136,"A"
347,4936164,"A"
348,369790,"A"
349,21356904,"A"
350,1019331,"A"
351,159442,"A"
352,1601697,"A"
353,1904363,"A"
354,15980002,"A"
355,9847466,"A"
356,2070629,"A"
357,2057771,"A"
358,1840234,"A"
359,1494012,"A"
360,2868637,"A"
361,7353914,"A"
362,16763347,"A"
363,657226,"A"
364,733431,"A"
365,9524979,"A"
366,8123378,"A"
367,12138890,"A"
368,4416282,"A"
369,1648643,"A"
370,6435371,"A"
371,1461423,"A"
372,2193862,"A"
373,1242524,"A"
374,2395937,"A"
375,5921844,"A"
376,12115651,"A"
377,870325,"A"
378,5376115,"A"
379,24953066,"A"
380,7496778,"A"
381,1616815,"A"
382,4039169,"A"
383,2929826,"A"
384,10955399,"A"
385,3890668,"A"
386,1503012,"A"
387,2799406,"A"
388,398578,"A"
389,1001572,"A"
390,1867874,"A"
391,350658,"A"
392,1177777,"A"
393,2576466,"A"
394,4953137,"A"
395,3862435,"A"
396,1745747,"A"
397,5329009,"A"
398,7584806,"A"
399,8835165,"A"
400,1878572,"A"
401,6797848,"A"
402,27961164,"A"
403,34993369,"A"
404,398157,"A"
405,851740,"A"
406,89921652,"A"
407,58538405,"A"
408,13212705,"A"
409,172069,"A"
410,1101545,"A"
411,3193115,"A"
412,3777717,"A"
413,33719318,"A"
414,48600876,"A"
415,2168505,"A"
416,1529112,"A"
417,145961,"A"
418,64046,"A"
419,2257440,"A"
420,10274963,"A"
421,293389,"A"
422,15499573,"A"
423,3653802,"A"
424,427926,"A"
425,915203,"A"
426,2554790,"A"
427,526947,"A"
428,32760138,"A"
429,11567408,"A"
430,5008498,"A"
431,15641366,"A"
432,748661,"A"
433,2374744,"A"
434,2628031,"A"
435,3420480,"A"
436,5947175,"A"
437,173882,"A"
438,4793834,"A"
439,1039197,"A"
440,3173817,"A"
441,7201457,"A"
442,4108630,"A"
443,1088746,"A"
444,2797313,"A"
445,2347308,"A"
446,2732549,"A"
447,4653549,"A"
448,14460,"A"
449,11740009,"A"
450,214781,"A"
451,420175,"A"
452,7274959,"A"
453,5121086,"A"
454,433383,"A"
455,3359937,"A"
456,2203801,"A"
457,6283843,"A"
458,515546,"A"
459,278477,"A"
460,3458788,"A"
461,5022326,"A"
462,2977439,"A"
463,2267637,"A"
464,1328741,"A"
465,1653316,"A"
466,2663363,"A"
467,1496938,"A"
468,8037863,"A"
469,4099958,"A"
470,1584797,"A"
471,20670185,"A"
472,11574845,"A"
473,4634356,"A"
474,416342,"A"
475,3400500,"A"
476,272425,"A"
477,2679588,"A"
478,2161549,"A"
479,1105057,"A"
480,522532,"A"
481,157159,"A"
482,395480,"A"
483,762022,"A"
484,1091680,"A"
485,2181707,"A"
486,284531,"A"
487,5987006,"A"
488,6312698,"A"
489,152843,"A"
490,41263788,"A"
491,6609900,"A"
492,3852184,"A"
493,4181167,"A"
494,6856971,"A"
495,9332912,"A"
496,5111226,"A"
497,395740,"A"
498,20692053,"A"
499,5642574,"A"
500,1359076,"A"
501,1937172,"A"
502,15136962,"A"
503,15744736,"A"
504,8178041,"A"
505,29873033,"A"
506,10152311,"A"
507,19789862,"A"
508,2896564,"A"
509,2215595,"A"
510,872849,"A"
511,7134104,"A"
512,4229830,"A"
513,1200294,"A"
514,3144695,"A"
515,3316803,"A"
516,484552,"A"
517,915963,"A"
518,1326751,"A"
519,1238811,"A"
520,311194,"A"
521,395037,"A"
522,7738191,"A"
523,21592902,"A"
524,4923863,"A"
525,296520,"A"
526,1011829,"A"
527,86256643,"A"
528,6254184,"A"
529,2578732,"A"
530,2431841,"A"
531,7827642,"A"
532,1180001,"A"
533,54141301,"A"
534,28120212,"A"
535,26116013,"A"
536,952975,"A"
537,3857460,"A"
538,4734135,"A"
539,941043,"A"
540,488895,"A"
541,4212964,"A"
542,803964,"A"
543,1109833,"A"
544,203733,"A"
545,7947124,"A"
546,7143894,"A"
547,25409523,"A"
548,15765742,"A"
549,6376667,"A"
550,910987,"A"
551,871790,"A"
552,2232252,"A"
553,721845,"A"
554,5717989,"A"
555,11766468,"A"
556,4180568,"A"
557,17277652,"A"
558,1323054,"A"
559,3508017,"A"
560,7396245,"A"
561,5204373,"A"
562,1279139,"A"
563,53746,"A"
564,205493,"A"
565,370626,"A"
566,1871966,"A"
567,82938,"A"
568,826584,"A"
569,1604026,"A"
570,2249916,"A"
571,620541,"A"
572,2004255,"A"
573,1205351,"A"
574,4570310,"A"
575,2792754,"A"
576,2510226,"A"
577,333119,"A"
578,1760457,"A"
579,4786942,"A"
580,3059175,"A"
581,2806629,"A"
582,3688939,"A"
583,45788631,"A"
584,3169963,"A"
585,975192,"A"
586,55708,"A"
587,788022,"A"
588,2167510,"A"
589,9631905,"A"
590,6064091,"A"
591,1466122,"A"
592,11849641,"A"
593,10691047,"A"
594,4708402,"A"
595,14458259,"A"
596,67856,"A"
597,3616557,"A"
598,331352,"A"
599,1100232,"A"
600,1514981,"A"
601,1219927,"A"
602,6236027,"A"
603,7159088,"A"
604,39260813,"A"
605,1603381,"A"
606,2702423,"A"
607,6148105,"A"
608,3875039,"A"
609,722053,"A"
610,949904,"A"
611,7358783,"A"
612,838210,"A"
613,13434495,"A"
614,7270723,"A"
615,4143160,"A"
616,14892227,"A"
617,2603627,"A"
618,5202761,"A"
619,46392,"A"
620,4648814,"A"
621,7076187,"A"
622,61637349,"A"
623,18693132,"A"
624,2673515,"A"
625,2705487,"A"
626,54103610,"A"
627,472837,"A"
628,13059856,"A"
629,659878,"A"
630,323164,"A"
631,16777885,"A"
632,15793902,"A"
633,1669270,"A"
634,25359,"A"
635,5815416,"A"
636,8796837,"A"
637,622066,"A"
638,3044554,"A"
639,2349833,"A"
640,163356,"A"
641,46512334,"A"
642,20649064,"A"
643,746533,"A"
644,10193403,"A"
645,6877002,"A"
646,7481348,"A"
647,199313,"A"
648,4229002,"A"
649,1483583,"A"
650,54148,"A"
651,153139,"A"
652,1225882,"A"
653,1043269,"A"
654,1249012,"A"
655,32512896,"A"
656,3743186,"A"
657,2737311,"A"
658,1138584,"A"
659,1063282,"A"
660,1255449,"A"
661,219309,"A"
662,14167781,"A"
663,1573180,"A"
664,127456,"A"
665,452614,"A"
666,880830,"A"
667,737109,"A"
668,274673,"A"
669,161952,"A"
670,839618,"A"
671,16277392,"A"
672,736877,"A"
673,2617756,"A"
674,2357556,"A"
675,2407498,"A"
676,13106704,"A"
677,10644467,"A"
678,3900434,"A"
679,96729,"A"
680,3724886,"A"
681,268545,"A"
682,4188238,"A"
683,65120851,"A"
684,14124293,"A"
685,15928084,"A"
686,12255520,"A"
687,24184487,"A"
688,3124985,"A"
689,7127611,"A"
690,356277,"A"
691,4486200,"A"
692,29396,"A"
693,7878509,"A"
694,10974064,"A"
695,1511776,"A"
696,1457025,"A"
697,2344628,"A"
698,6260036,"A"
699,1750451,"A"
700,8772453,"A"
701,2791319,"A"
702,966899,"A"
703,190237,"A"
704,1302146,"A"
705,19747648,"A"
706,1119087,"A"
707,183255,"A"
708,746449,"A"
709,7424484,"A"
710,1514815,"A"
711,1655274,"A"
712,5115513,"A"
713,298403,"A"
714,1712393,"A"
715,11686873,"A"
716,18449029,"A"
717,6645313,"A"
718,2186175,"A"
719,22090,"A"
720,457219,"A"
721,974217,"A"
722,3874304,"A"
723,122194,"A"
724,9138231,"A"
725,6488924,"A"
726,2141886,"A"
727,556543,"A"
728,5116167,"A"
729,933994,"A"
730,1469745,"A"
731,2082206,"A"
732,804037,"A"
733,2262591,"A"
734,12659944,"A"
735,30262082,"A"
736,893825,"A"
737,68638304,"A"
738,10504429,"A"
739,14662,"A"
740,3597003,"A"
741,372101,"A"
742,5675129,"A"
743,29234148,"A"
744,28031138,"A"
745,44538988,"A"
746,883868,"A"
747,10889670,"A"
748,11803093,"A"
749,537214,"A"
750,6630411,"A"
751,1372115,"A"
752,268482,"A"
753,104787,"A"
754,846655,"A"
755,837630,"A"
756,430847,"A"
757,3951829,"A"
758,19573806,"A"
759,3221949,"A"
760,10677219,"A"
761,9117471,"A"
762,1093806,"A"
763,1702270,"A"
764,2139630,"A"
765,323110,"A"
766,169758,"A"
767,623117,"A"
768,1978345,"A"
769,27022841,"A"
770,7446189,"A"
771,7450745,"A"
772,1627631,"A"
773,431142,"A"
774,1133805,"A"
775,2713728,"A"
776,3234191,"A"
777,26560179,"A"
778,9653410,"A"
779,813815,"A"
780,2563427,"A"
781,679002,"A"
782,19493,"A"
783,3066527,"A"
784,67874948,"A"
785,648999,"A"
786,4206814,"A"
787,845837,"A"
788,991700,"A"
789,303210,"A"
790,94186,"A"
791,323555,"A"
792,1497254,"A"
793,23886923,"A"
794,18626862,"A"
795,92266,"A"
796,13825372,"A"
797,6072640,"A"
798,5598866,"A"
799,1397410,"A"
800,10533872,"A"
801,1316563,"A"
802,70289,"A"
803,15599214,"A"
804,14023966,"A"
805,3360720,"A"
806,440652,"A"
807,2447265,"A"
808,998162,"A"
809,5202002,"A"
810,8406250,"A"
811,8660276,"A"
812,30011222,"A"
813,19132318,"A"
814,456956,"A"
815,2908985,"A"
816,4671301,"A"
817,38677,"A"
818,912531,"A"
819,447346,"A"
820,56749729,"A"
821,7384319,"A"
822,1301236,"A"
823,2488143,"A"
824,2650829,"A"
825,847342,"A"
826,8778959,"A"
827,5039289,"A"
828,8663196,"A"
829,2147077,"A"
830,6774716,"A"
831,601154,"A"
832,2732817,"A"
833,108813,"A"
834,3029081,"A"
835,21314965,"A"
836,8225141,"A"
837,1229952,"A"
838,2586932,"A"
839,2892534,"A"
840,11170706,"A"
841,4421581,"A"
842,5804035,"A"
843,1873413,"A"
844,2309044,"A"
845,5498095,"A"
846,2419068,"A"
847,12559998,"A"
848,1096828,"A"
849,184428,"A"
850,1814852,"A"
851,625207,"A"
852,756577,"A"
853,15326480,"A"
854,8719612,"A"
855,7778722,"A"
856,4388148,"A"
857,4536673,"A"
858,1251263,"A"
859,4416194,"A"
860,217910,"A"
861,160298,"A"
862,18341096,"A"
863,12231672,"A"
864,371564,"A"
865,2428992,"A"
866,2262087,"A"
867,459565,"A"
868,5368482,"A"
869,37977758,"A"
870,2370417,"A"
871,14689,"A"
872,3121018,"A"
873,1633128,"A"
874,13463694,"A"
875,2572475,"A"
876,1363465,"A"
877,8288426,"A"
878,5741958,"A"
879,755533,"A"
880,34390,"A"
881,1071105,"A"
882,4101517,"A"
883,85348,"A"
884,2302459,"A"
885,789190,"A"
886,853757,"A"
887,1018970,"A"
888,347555,"A"
889,16934303,"A"
890,24452224,"A"
891,559016,"A"
892,9238595,"A"
893,6739661,"A"
894,9718058,"A"
895,7111578,"A"
896,719139,"A"
897,303220,"A"
898,6888570,"A"
899,3306962,"A"
900,470103,"A"
901,2188531,"A"
902,143054,"A"
903,665578,"A"
904,429878,"A"
905,1948065,"A"
906,99458,"A"
907,5718347,"A"
908,441782,"A"
909,4792928,"A"
910,7313541,"A"
911,4090270,"A"
912,6857783,"A"
913,330975,"A"
914,870909,"A"
915,64275,"A"
916,486804,"A"
917,1227228,"A"
918,18376360,"A"
919,1690073,"A"
920,9664425,"A"
921,2865638,"A"
922,10180,"A"
923,8510614,"A"
924,2644068,"A"
925,409371,"A"
926,1818794,"A"
927,386065,"A"
928,1370389,"A"
929,353786,"A"
930,9940588,"A"
931,4854509,"A"
932,3137855,"A"
933,71972,"A"
934,240805,"A"
935,1175347,"A"
936,1012406,"A"
937,7283883,"A"
938,35195,"A"
939,728509,"A"
940,372813,"A"
941,9671078,"A"
942,2474905,"A"
943,1056801,"A"
944,3243269,"A"
945,52715927,"A"
946,31987108,"A"
947,24123229,"A"
948,3494714,"A"
949,5931656,"A"
950,2522815,"A"
951,26089905,"A"
952,49608319,"A"
953,4994443,"A"
954,29512694,"A"
955,1403427,"A"
956,3022818,"A"
957,10325405,"A"
958,548673,"A"
959,696527,"A"
960,1235479,"A"
961,1522176,"A"
962,200329,"A"
963,18755947,"A"
964,9739343,"A"
965,28064648,"A"
966,26973879,"A"
967,9995755,"A"
968,5113411,"A"
969,4105223,"A"
970,3886846,"A"
971,24256647,"A"
972,1837781,"A"
973,12506656,"A"
974,9833768,"A"
975,4517995,"A"
976,42569507,"A"
977,9347242,"A"
978,470438,"A"
979,1539434,"A"
980,224428,"A"
981,1098551,"A"
982,1703140,"A"
983,15430060,"A"
984,4994156,"A"
985,4969568,"A"
986,1463334,"A"
987,399121,"A"
988,1950691,"A"
989,970485,"A"
990,6099848,"A"
991,2987580,"A"
992,112505,"A"
993,3363210,"A"
994,3302945,"A"
995,578311,"A"
996,608730,"A"
997,3520344,"A"
998,4840077,"A"
999,8852508,"A"
1000,6933761,"A"
1,70804510,"B"
2,15113410,"B"
3,50734,"B"
4,1745395,"B"
5,512012,"B"
6,6879,"B"
7,207050,"B"
8,829608,"B"
9,17032,"B"
10,1144018,"B"
11,823120,"B"
12,70960,"B"
13,294204,"B"
14,195992,"B"
15,404897,"B"
16,288073,"B"
17,3826805,"B"
18,435618,"B"
19,1092842,"B"
20,1025160,"B"
21,5012809,"B"
22,7247806,"B"
23,293691,"B"
24,1799290,"B"
25,254794,"B"
26,25513,"B"
27,138716,"B"
28,283041,"B"
29,55250,"B"
30,74443,"B"
31,334391,"B"
32,8195829,"B"
33,1020080,"B"
34,223774,"B"
35,17475,"B"
36,6958473,"B"
37,3220314,"B"
38,1614453,"B"
39,414002,"B"
40,18188514,"B"
41,23393872,"B"
42,2586667,"B"
43,1432850,"B"
44,909043,"B"
45,322764,"B"
46,2478108,"B"
47,11639288,"B"
48,42659704,"B"
49,492581,"B"
50,978940,"B"
51,1208793,"B"
52,813175,"B"
53,51597138,"B"
54,32400117,"B"
55,754496,"B"
56,11339677,"B"
57,5007086,"B"
58,1442722,"B"
59,1551590,"B"
60,12735,"B"
61,6179,"B"
62,372651,"B"
63,1322575,"B"
64,48002,"B"
65,2744345,"B"
66,209319,"B"
67,3158130,"B"
68,2128325,"B"
69,3397922,"B"
70,15975870,"B"
71,164995,"B"
72,199118,"B"
73,559082,"B"
74,12687420,"B"
75,412809,"B"
76,18200683,"B"
77,407870,"B"
78,381826,"B"
79,4027575,"B"
80,1362969,"B"
81,1406660,"B"
82,4776950,"B"
83,16578713,"B"
84,14921674,"B"
85,8312784,"B"
86,7054524,"B"
87,2711957,"B"
88,5653416,"B"
89,2227879,"B"
90,3482026,"B"
91,2439560,"B"
92,207342,"B"
93,728625,"B"
94,4063649,"B"
95,3408176,"B"
96,4799655,"B"
97,2822797,"B"
98,1458721,"B"
99,229532,"B"
100,1401293,"B"
101,1849254,"B"
102,7361441,"B"
103,94881039,"B"
104,24475960,"B"
105,1038516,"B"
106,369679,"B"
107,2035136,"B"
108,13014926,"B"
109,964213,"B"
110,82445,"B"
111,418514,"B"
112,2368576,"B"
113,14994592,"B"
114,328359,"B"
115,757399,"B"
116,60475,"B"
117,11087456,"B"
118,7667226,"B"
119,9927215,"B"
120,7105956,"B"
121,2052429,"B"
122,1377492,"B"
123,8576773,"B"
124,1375614,"B"
125,668440,"B"
126,574032,"B"
127,971236,"B"
128,7968702,"B"
129,2668913,"B"
130,24843,"B"
131,54347,"B"
132,28552,"B"
133,1122055,"B"
134,177423,"B"
135,156057,"B"
136,2083162,"B"
137,682981,"B"
138,173309,"B"
139,14734,"B"
140,226376,"B"
141,11425,"B"
142,188954,"B"
143,1072756,"B"
144,877594,"B"
145,3282018,"B"
146,13126802,"B"
147,13158166,"B"
148,14256564,"B"
149,1348889,"B"
150,797940,"B"
151,1252355,"B"
152,3297577,"B"
153,665716,"B"
154,267751,"B"
155,691904,"B"
156,4523265,"B"
157,1726571,"B"
158,2871656,"B"
159,15731,"B"
160,71028,"B"
161,11897021,"B"
162,31696659,"B"
163,1770260,"B"
164,2299767,"B"
165,3026008,"B"
166,11805366,"B"
167,1141322,"B"
168,931020,"B"
169,880982,"B"
170,600305,"B"
171,50420,"B"
172,2239270,"B"
173,1591794,"B"
174,74760,"B"
175,112167,"B"
176,5571853,"B"
177,151493366,"B"
178,17783598,"B"
179,964237,"B"
180,480062,"B"
181,360659,"B"
182,1509817,"B"
183,3690150,"B"
184,3616953,"B"
185,15481049,"B"
186,2795869,"B"
187,601070,"B"
188,152594,"B"
189,74812,"B"
190,40932,"B"
191,201094,"B"
192,452145,"B"
193,1921682,"B"
194,4679,"B"
195,78617,"B"
196,12528,"B"
197,4907894,"B"
198,927866,"B"
199,1980967,"B"
200,1498413,"B"
201,174639,"B"
202,371222,"B"
203,175068,"B"
204,11461348,"B"
205,1990364,"B"
206,17392370,"B"
207,8825334,"B"
208,1239768,"B"
209,472792,"B"
210,15368780,"B"
211,5634796,"B"
212,2859546,"B"
213,96912,"B"
214,511287,"B"
215,531148,"B"
216,29761,"B"
217,306408,"B"
218,3517,"B"
219,1094170,"B"
220,1151079,"B"
221,252500,"B"
222,3654902,"B"
223,9872637,"B"
224,7500788,"B"
225,45614166,"B"
226,12970897,"B"
227,23491292,"B"
228,34321509,"B"
229,234596,"B"
230,1037244,"B"
231,466328,"B"
232,796109,"B"
233,1906021,"B"
234,467183,"B"
235,1200842,"B"
236,3072152,"B"
237,4405843,"B"
238,1399206,"B"
239,5245141,"B"
240,6608127,"B"
241,8760571,"B"
242,121360,"B"
243,1992635,"B"
244,5369457,"B"
245,15834389,"B"
246,89703756,"B"
247,6687348,"B"
248,1179493,"B"
249,57464,"B"
250,4021000,"B"
251,23515676,"B"
252,5728353,"B"
253,4776680,"B"
254,1198306,"B"
255,82884,"B"
256,160271,"B"
257,7002104,"B"
258,10358478,"B"
259,15464884,"B"
260,21126272,"B"
261,7176929,"B"
262,10323765,"B"
263,1828403,"B"
264,10436539,"B"
265,429674,"B"
266,2383275,"B"
267,3588756,"B"
268,3292654,"B"
269,465507,"B"
270,1183175,"B"
271,326337,"B"
272,2165065,"B"
273,708509,"B"
274,9065700,"B"
275,142205,"B"
276,3307650,"B"
277,6048555,"B"
278,590193,"B"
279,1413953,"B"
280,254871,"B"
281,858208,"B"
282,64140,"B"
283,40275837,"B"
284,7240879,"B"
285,5251537,"B"
286,5519045,"B"
287,1142416,"B"
288,4648244,"B"
289,17428519,"B"
290,1126091,"B"
291,1639365,"B"
292,12951104,"B"
293,43108,"B"
294,2052732,"B"
295,226886,"B"
296,91021,"B"
297,4071754,"B"
298,14849776,"B"
299,494723,"B"
300,72775,"B"
301,1242889,"B"
302,2611414,"B"
303,844518,"B"
304,845168,"B"
305,15341875,"B"
306,2824643,"B"
307,747203,"B"
308,134280,"B"
309,2300851,"B"
310,3352615,"B"
311,29478309,"B"
312,10735960,"B"
313,552048,"B"
314,294529,"B"
315,6943991,"B"
316,3193805,"B"
317,88482,"B"
318,43998,"B"
319,1580067,"B"
320,463647,"B"
321,51614,"B"
322,273720,"B"
323,227135,"B"
324,4224755,"B"
325,4274482,"B"
326,1634573,"B"
327,5576358,"B"
328,2705155,"B"
329,1035701,"B"
330,11739331,"B"
331,2497750,"B"
332,1118565,"B"
333,5469133,"B"
334,3241197,"B"
335,3554985,"B"
336,140985,"B"
337,138842,"B"
338,241665,"B"
339,2674360,"B"
340,2591812,"B"
341,296874,"B"
342,7258331,"B"
343,965768,"B"
344,555316,"B"
345,231879,"B"
346,7167449,"B"
347,5003856,"B"
348,101556,"B"
349,127611370,"B"
350,3086425,"B"
351,200182,"B"
352,1879604,"B"
353,4776812,"B"
354,74826281,"B"
355,16693443,"B"
356,3950573,"B"
357,4737195,"B"
358,1821737,"B"
359,955306,"B"
360,922812,"B"
361,38543306,"B"
362,28449309,"B"
363,136455,"B"
364,2769347,"B"
365,5337994,"B"
366,30439811,"B"
367,54418200,"B"
368,8508952,"B"
369,2488379,"B"
370,6525142,"B"
371,1116694,"B"
372,2454921,"B"
373,1071590,"B"
374,11088007,"B"
375,10892154,"B"
376,228251,"B"
377,1970996,"B"
378,29879210,"B"
379,42160954,"B"
380,1712358,"B"
381,891417,"B"
382,514615,"B"
383,798336,"B"
384,8423664,"B"
385,3602562,"B"
386,1437204,"B"
387,1422652,"B"
388,246942,"B"
389,3172732,"B"
390,1794312,"B"
391,39914,"B"
392,1733732,"B"
393,5774780,"B"
394,1021949,"B"
395,1707736,"B"
396,7769387,"B"
397,7605912,"B"
398,8422739,"B"
399,5049325,"B"
400,303803,"B"
401,703273,"B"
402,830450,"B"
403,681945,"B"
404,608773,"B"
405,2551534,"B"
406,11603550,"B"
407,1724941,"B"
408,242066,"B"
409,12144,"B"
410,2613906,"B"
411,3632848,"B"
412,3061975,"B"
413,928555,"B"
414,5585383,"B"
415,8506397,"B"
416,1500744,"B"
417,18772,"B"
418,10420,"B"
419,144237,"B"
420,3263609,"B"
421,153360,"B"
422,2377982,"B"
423,667328,"B"
424,61026,"B"
425,1206012,"B"
426,3998922,"B"
427,1554006,"B"
428,2756164,"B"
429,7562504,"B"
430,6377478,"B"
431,3132834,"B"
432,2474378,"B"
433,4966438,"B"
434,349896,"B"
435,12686955,"B"
436,8633304,"B"
437,12124,"B"
438,962140,"B"
439,312688,"B"
440,5878889,"B"
441,2434401,"B"
442,6024581,"B"
443,1069489,"B"
444,15957764,"B"
445,6586985,"B"
446,515923,"B"
447,1420129,"B"
448,201,"B"
449,78872017,"B"
450,583068,"B"
451,373939,"B"
452,7621410,"B"
453,5232449,"B"
454,406213,"B"
455,29500283,"B"
456,6237121,"B"
457,99151,"B"
458,36538,"B"
459,396366,"B"
460,5061178,"B"
461,3680003,"B"
462,131874,"B"
463,109818,"B"
464,164543,"B"
465,2637510,"B"
466,8282882,"B"
467,1453011,"B"
468,4489574,"B"
469,8424533,"B"
470,5753612,"B"
471,4253184,"B"
472,5231957,"B"
473,24273394,"B"
474,1279889,"B"
475,987252,"B"
476,365028,"B"
477,4000627,"B"
478,857168,"B"
479,3575899,"B"
480,873186,"B"
481,260325,"B"
482,464215,"B"
483,93837,"B"
484,293736,"B"
485,542064,"B"
486,944158,"B"
487,2003422,"B"
488,4452294,"B"
489,387555,"B"
490,6353306,"B"
491,1013426,"B"
492,6417194,"B"
493,6939833,"B"
494,870795,"B"
495,1824261,"B"
496,1289546,"B"
497,2731,"B"
498,1153448,"B"
499,11680465,"B"
500,2858009,"B"
501,136100,"B"
502,434368,"B"
503,2449576,"B"
504,21248915,"B"
505,14153335,"B"
506,5519643,"B"
507,74539074,"B"
508,4133822,"B"
509,93604,"B"
510,579338,"B"
511,57374656,"B"
512,12336264,"B"
513,6842638,"B"
514,14439082,"B"
515,14153445,"B"
516,1242994,"B"
517,916972,"B"
518,42238,"B"
519,133141,"B"
520,1557443,"B"
521,2728915,"B"
522,20913545,"B"
523,145647,"B"
524,4749994,"B"
525,260831,"B"
526,969863,"B"
527,10045046,"B"
528,1002141,"B"
529,3884957,"B"
530,5246894,"B"
531,10156284,"B"
532,83921,"B"
533,134727,"B"
534,6950746,"B"
535,1389460,"B"
536,1856115,"B"
537,12523799,"B"
538,7154522,"B"
539,1983743,"B"
540,2856101,"B"
541,11632231,"B"
542,738597,"B"
543,1709107,"B"
544,295187,"B"
545,345013,"B"
546,47822711,"B"
547,65597079,"B"
548,1372621,"B"
549,2096247,"B"
550,1340738,"B"
551,883763,"B"
552,1005506,"B"
553,2497352,"B"
554,504859,"B"
555,45541,"B"
556,32610576,"B"
557,63660497,"B"
558,2419235,"B"
559,7803026,"B"
560,5654488,"B"
561,7149925,"B"
562,1486354,"B"
563,185956,"B"
564,410158,"B"
565,480450,"B"
566,1924593,"B"
567,96893,"B"
568,321907,"B"
569,11390,"B"
570,27909,"B"
571,275888,"B"
572,1128952,"B"
573,465614,"B"
574,18633912,"B"
575,4541890,"B"
576,14692412,"B"
577,805618,"B"
578,246757,"B"
579,2230851,"B"
580,6024137,"B"
581,2928822,"B"
582,2470631,"B"
583,2195215,"B"
584,155384,"B"
585,7771,"B"
586,21705,"B"
587,3764094,"B"
588,1621397,"B"
589,46499,"B"
590,17296370,"B"
591,2551346,"B"
592,11532813,"B"
593,16432363,"B"
594,7034919,"B"
595,6144443,"B"
596,1929,"B"
597,6035291,"B"
598,644272,"B"
599,1867553,"B"
600,148123,"B"
601,617802,"B"
602,7379516,"B"
603,23124502,"B"
604,43204931,"B"
605,417509,"B"
606,1000276,"B"
607,3284728,"B"
608,12607509,"B"
609,850210,"B"
610,112866,"B"
611,18680636,"B"
612,3233585,"B"
613,19406961,"B"
614,3640168,"B"
615,6113430,"B"
616,1530810,"B"
617,554600,"B"
618,3884392,"B"
619,68137,"B"
620,4103598,"B"
621,40280470,"B"
622,23709677,"B"
623,2769264,"B"
624,12060673,"B"
625,3189273,"B"
626,260877,"B"
627,6599,"B"
628,1769807,"B"
629,159667,"B"
630,1864972,"B"
631,2911470,"B"
632,376397,"B"
633,247606,"B"
634,10381,"B"
635,104736,"B"
636,157573,"B"
637,217195,"B"
638,13349512,"B"
639,6011179,"B"
640,69678,"B"
641,53646,"B"
642,70836,"B"
643,10823,"B"
644,2496474,"B"
645,223030,"B"
646,393203,"B"
647,878554,"B"
648,14978215,"B"
649,3366042,"B"
650,67923,"B"
651,176722,"B"
652,2340588,"B"
653,3822289,"B"
654,2007461,"B"
655,51572,"B"
656,766625,"B"
657,3918989,"B"
658,647878,"B"
659,1093211,"B"
660,4261660,"B"
661,909385,"B"
662,35123830,"B"
663,4969875,"B"
664,235080,"B"
665,235332,"B"
666,265918,"B"
667,48331,"B"
668,24429,"B"
669,123624,"B"
670,6287520,"B"
671,100712110,"B"
672,1919801,"B"
673,18425952,"B"
674,8684981,"B"
675,5927583,"B"
676,4517005,"B"
677,36109,"B"
678,28094444,"B"
679,255868,"B"
680,4472255,"B"
681,260439,"B"
682,19902232,"B"
683,13579914,"B"
684,7269189,"B"
685,86785241,"B"
686,2850718,"B"
687,122283,"B"
688,23305445,"B"
689,22821353,"B"
690,2476421,"B"
691,10829935,"B"
692,37979,"B"
693,708227,"B"
694,104282,"B"
695,339886,"B"
696,260338,"B"
697,2950177,"B"
698,4137503,"B"
699,139950,"B"
700,35143312,"B"
701,3107892,"B"
702,37729,"B"
703,289648,"B"
704,1688645,"B"
705,445877,"B"
706,21405,"B"
707,147766,"B"
708,21419,"B"
709,129233,"B"
710,3407242,"B"
711,1116577,"B"
712,1105937,"B"
713,17873,"B"
714,4928802,"B"
715,19555833,"B"
716,24005891,"B"
717,8707379,"B"
718,752861,"B"
719,14772,"B"
720,27979,"B"
721,110531,"B"
722,1544205,"B"
723,55184,"B"
724,557169,"B"
725,1373139,"B"
726,1199381,"B"
727,46382,"B"
728,787174,"B"
729,6759210,"B"
730,6014576,"B"
731,3675951,"B"
732,66629,"B"
733,429121,"B"
734,161254,"B"
735,19303616,"B"
736,1490021,"B"
737,41850867,"B"
738,8492805,"B"
739,23889,"B"
740,1325842,"B"
741,4754,"B"
742,91894,"B"
743,1952811,"B"
744,73516652,"B"
745,38959400,"B"
746,649102,"B"
747,11999704,"B"
748,10786557,"B"
749,2449513,"B"
750,17637390,"B"
751,2517825,"B"
752,297717,"B"
753,231780,"B"
754,721091,"B"
755,1147733,"B"
756,890407,"B"
757,5532345,"B"
758,4459037,"B"
759,6322257,"B"
760,2054915,"B"
761,1355685,"B"
762,520856,"B"
763,294415,"B"
764,108335,"B"
765,53829,"B"
766,535735,"B"
767,826036,"B"
768,38109,"B"
769,3406744,"B"
770,13563638,"B"
771,7455498,"B"
772,99279,"B"
773,342024,"B"
774,802864,"B"
775,1095929,"B"
776,10826551,"B"
777,143295310,"B"
778,17585734,"B"
779,218807,"B"
780,150271,"B"
781,96990,"B"
782,1734,"B"
783,4696147,"B"
784,77243793,"B"
785,49504,"B"
786,1178907,"B"
787,1573254,"B"
788,799476,"B"
789,314271,"B"
790,63856,"B"
791,315808,"B"
792,2137333,"B"
793,40370800,"B"
794,22680386,"B"
795,36107,"B"
796,44159668,"B"
797,7998636,"B"
798,471307,"B"
799,9574781,"B"
800,52770960,"B"
801,4368649,"B"
802,23622,"B"
803,6738777,"B"
804,74088041,"B"
805,8917493,"B"
806,168757,"B"
807,9924956,"B"
808,951631,"B"
809,3633686,"B"
810,1666051,"B"
811,145618,"B"
812,493841,"B"
813,1234346,"B"
814,883214,"B"
815,19669582,"B"
816,10145183,"B"
817,14468,"B"
818,3065893,"B"
819,3522220,"B"
820,168108706,"B"
821,334942,"B"
822,249524,"B"
823,42859,"B"
824,247384,"B"
825,5155296,"B"
826,19981064,"B"
827,30518263,"B"
828,16472360,"B"
829,147048,"B"
830,344888,"B"
831,2041605,"B"
832,3830442,"B"
833,555591,"B"
834,8121637,"B"
835,168605422,"B"
836,20039270,"B"
837,857794,"B"
838,15868847,"B"
839,5565810,"B"
840,648286,"B"
841,18968502,"B"
842,2856455,"B"
843,120858,"B"
844,255440,"B"
845,2638144,"B"
846,1849225,"B"
847,2545773,"B"
848,1793833,"B"
849,837862,"B"
850,5988512,"B"
851,1433442,"B"
852,1915097,"B"
853,31766126,"B"
854,1543144,"B"
855,1031110,"B"
856,998713,"B"
857,166716,"B"
858,719000,"B"
859,8451942,"B"
860,221214,"B"
861,193434,"B"
862,3023326,"B"
863,531663,"B"
864,74090,"B"
865,771905,"B"
866,1375979,"B"
867,1609411,"B"
868,1085584,"B"
869,7804725,"B"
870,569606,"B"
871,18299,"B"
872,5423633,"B"
873,4384354,"B"
874,14397749,"B"
875,6216209,"B"
876,720122,"B"
877,3432945,"B"
878,6683326,"B"
879,537425,"B"
880,582,"B"
881,9082981,"B"
882,12883032,"B"
883,25399,"B"
884,960158,"B"
885,2142619,"B"
886,1514983,"B"
887,358998,"B"
888,225351,"B"
889,3712878,"B"
890,12079828,"B"
891,193714,"B"
892,270210,"B"
893,16182937,"B"
894,33649534,"B"
895,11892440,"B"
896,508985,"B"
897,364864,"B"
898,17704919,"B"
899,7766656,"B"
900,1529598,"B"
901,1535747,"B"
902,312335,"B"
903,1722348,"B"
904,1220800,"B"
905,2467948,"B"
906,741268,"B"
907,12263651,"B"
908,480611,"B"
909,496145,"B"
910,89781,"B"
911,22828,"B"
912,128446,"B"
913,580957,"B"
914,3287122,"B"
915,49597,"B"
916,114842,"B"
917,441894,"B"
918,9897243,"B"
919,1930739,"B"
920,968695,"B"
921,807401,"B"
922,15491,"B"
923,3305198,"B"
924,1976148,"B"
925,714427,"B"
926,731841,"B"
927,1528751,"B"
928,5067970,"B"
929,3155806,"B"
930,30293628,"B"
931,6660092,"B"
932,5197456,"B"
933,55320,"B"
934,1052492,"B"
935,1649324,"B"
936,3763111,"B"
937,11009329,"B"
938,30436,"B"
939,452158,"B"
940,616887,"B"
941,6797606,"B"
942,1518541,"B"
943,406343,"B"
944,3190316,"B"
945,5756578,"B"
946,6741944,"B"
947,48618217,"B"
948,3126506,"B"
949,489858,"B"
950,2312588,"B"
951,1502281,"B"
952,2287801,"B"
953,1115634,"B"
954,3555127,"B"
955,5845590,"B"
956,4526394,"B"
957,3742432,"B"
958,12235,"B"
959,698128,"B"
960,1575870,"B"
961,183759,"B"
962,151780,"B"
963,4543921,"B"
964,13601966,"B"
965,4767167,"B"
966,430222,"B"
967,480014,"B"
968,958219,"B"
969,12155915,"B"
970,362456,"B"
971,17614400,"B"
972,5697360,"B"
973,86848652,"B"
974,27906589,"B"
975,5228775,"B"
976,535817,"B"
977,2977803,"B"
978,1380929,"B"
979,948548,"B"
980,32400,"B"
981,2938150,"B"
982,3444320,"B"
983,19945172,"B"
984,5602119,"B"
985,7949365,"B"
986,1864319,"B"
987,146532,"B"
988,833087,"B"
989,2521850,"B"
990,19350889,"B"
991,5351048,"B"
992,205931,"B"
993,15266205,"B"
994,5529426,"B"
995,2508537,"B"
996,2168471,"B"
997,3905144,"B"
998,2397522,"B"
999,28093864,"B"
1000,11813495,"B"
1,19021465,"C"
2,5644349,"C"
3,70695,"C"
4,38157311,"C"
5,49457848,"C"
6,562451,"C"
7,2675288,"C"
8,2938203,"C"
9,135969,"C"
10,6507469,"C"
11,15811518,"C"
12,11930296,"C"
13,7630804,"C"
14,242564,"C"
15,303032,"C"
16,7747680,"C"
17,7593505,"C"
18,887437,"C"
19,693615,"C"
20,428183,"C"
21,2218481,"C"
22,79797,"C"
23,1541,"C"
24,315056,"C"
25,609362,"C"
26,401962,"C"
27,14988643,"C"
28,8814038,"C"
29,623259,"C"
30,493839,"C"
31,298970,"C"
32,353265,"C"
33,584929,"C"
34,2012511,"C"
35,465125,"C"
36,181457,"C"
37,133354,"C"
38,47744,"C"
39,13477,"C"
40,243655,"C"
41,612102,"C"
42,31468521,"C"
43,45584196,"C"
44,1543019,"C"
45,6309410,"C"
46,16310895,"C"
47,12048,"C"
48,107278,"C"
49,123102,"C"
50,1276524,"C"
51,200289,"C"
52,501392,"C"
53,39850106,"C"
54,61104121,"C"
55,10361490,"C"
56,405080,"C"
57,706740,"C"
58,285245,"C"
59,201850,"C"
60,4467400,"C"
61,1996194,"C"
62,13298503,"C"
63,18263478,"C"
64,49869,"C"
65,2482065,"C"
66,1328876,"C"
67,5467296,"C"
68,1561457,"C"
69,445476,"C"
70,787610,"C"
71,188044,"C"
72,491519,"C"
73,87977,"C"
74,240387,"C"
75,117486,"C"
76,6810804,"C"
77,684020,"C"
78,856169,"C"
79,18736,"C"
80,609340,"C"
81,164120,"C"
82,768195,"C"
83,1790458,"C"
84,977259,"C"
85,240717,"C"
86,293321,"C"
87,634674,"C"
88,16996527,"C"
89,12186635,"C"
90,16543164,"C"
91,12485233,"C"
92,283879,"C"
93,168007,"C"
94,1995184,"C"
95,310922,"C"
96,51904,"C"
97,69893,"C"
98,121090,"C"
99,989615,"C"
100,1602157,"C"
101,1109226,"C"
102,621100,"C"
103,1449150,"C"
104,1591323,"C"
105,127143,"C"
106,524774,"C"
107,6214,"C"
108,1386331,"C"
109,1185102,"C"
110,1457307,"C"
111,798604,"C"
112,185689,"C"
113,5482480,"C"
114,41880,"C"
115,457824,"C"
116,310919,"C"
117,303158,"C"
118,385900,"C"
119,131786,"C"
120,125285,"C"
121,119414,"C"
122,192547,"C"
123,368734,"C"
124,550541,"C"
125,37280,"C"
126,310147,"C"
127,363514,"C"
128,8890578,"C"
129,12347947,"C"
130,187413,"C"
131,6862266,"C"
132,360178,"C"
133,199023,"C"
134,2377759,"C"
135,713114,"C"
136,1028244,"C"
137,87896,"C"
138,124544,"C"
139,1970,"C"
140,930334,"C"
141,13396,"C"
142,45470,"C"
143,228034,"C"
144,374964,"C"
145,546103,"C"
146,31030498,"C"
147,4401001,"C"
148,6818583,"C"
149,799958,"C"
150,1967117,"C"
151,1796444,"C"
152,5400789,"C"
153,18343,"C"
154,73238,"C"
155,7391,"C"
156,25996734,"C"
157,9362200,"C"
158,1067820,"C"
159,199844,"C"
160,280982,"C"
161,8315423,"C"
162,11885684,"C"
163,211776,"C"
164,1301516,"C"
165,1259803,"C"
166,171963,"C"
167,46315,"C"
168,1128232,"C"
169,945514,"C"
170,347621,"C"
171,51880,"C"
172,500459,"C"
173,287439,"C"
174,79627,"C"
175,230261,"C"
176,252063,"C"
177,1065531,"C"
178,21194,"C"
179,85847,"C"
180,394816,"C"
181,1357252,"C"
182,498585,"C"
183,7356,"C"
184,72202,"C"
185,1466227,"C"
186,769571,"C"
187,3200217,"C"
188,521467,"C"
189,48342,"C"
190,16684,"C"
191,1534766,"C"
192,4242437,"C"
193,1042231,"C"
194,62519,"C"
195,353062,"C"
196,39642,"C"
197,839198,"C"
198,44225,"C"
199,1055669,"C"
200,600456,"C"
201,1018902,"C"
202,63523,"C"
203,57824,"C"
204,5589518,"C"
205,421684,"C"
206,3706087,"C"
207,1096273,"C"
208,822600,"C"
209,1897126,"C"
210,684109,"C"
211,13973,"C"
212,20303168,"C"
213,544482,"C"
214,1939342,"C"
215,7180033,"C"
216,5766352,"C"
217,31111538,"C"
218,270998,"C"
219,8089942,"C"
220,324719,"C"
221,2195700,"C"
222,529752,"C"
223,1281316,"C"
224,116704,"C"
225,29342,"C"
226,208498,"C"
227,367945,"C"
228,274196,"C"
229,4595,"C"
230,65306,"C"
231,132485,"C"
232,100553,"C"
233,1814221,"C"
234,396020,"C"
235,1016798,"C"
236,164363,"C"
237,599464,"C"
238,68590,"C"
239,111342,"C"
240,123062,"C"
241,25150912,"C"
242,344922,"C"
243,395,"C"
244,284,"C"
245,612958,"C"
246,2035714,"C"
247,139331,"C"
248,218923,"C"
249,5455,"C"
250,3090358,"C"
251,3020559,"C"
252,159506,"C"
253,2417093,"C"
254,747219,"C"
255,111150,"C"
256,237081,"C"
257,238211,"C"
258,3451126,"C"
259,428004,"C"
260,395688,"C"
261,681103,"C"
262,664642,"C"
263,523598,"C"
264,3607656,"C"
265,95633,"C"
266,434145,"C"
267,647287,"C"
268,6171823,"C"
269,1095611,"C"
270,245816,"C"
271,200774,"C"
272,74006,"C"
273,75980,"C"
274,267498,"C"
275,1983,"C"
276,235827,"C"
277,364935,"C"
278,910262,"C"
279,90532,"C"
280,13781,"C"
281,220183,"C"
282,362682,"C"
283,12036657,"C"
284,2406613,"C"
285,1227412,"C"
286,2265302,"C"
287,6161560,"C"
288,858850,"C"
289,2092097,"C"
290,107706,"C"
291,290916,"C"
292,1584820,"C"
293,17115,"C"
294,285831,"C"
295,39476,"C"
296,1782921,"C"
297,516588,"C"
298,220406,"C"
299,107466,"C"
300,56486,"C"
301,32380,"C"
302,27877,"C"
303,37291,"C"
304,119071,"C"
305,227996,"C"
306,78882,"C"
307,98613,"C"
308,97613,"C"
309,291428,"C"
310,257184,"C"
311,26655933,"C"
312,6624862,"C"
313,196073,"C"
314,3899615,"C"
315,775747,"C"
316,7895,"C"
317,35021,"C"
318,485061,"C"
319,7885669,"C"
320,793929,"C"
321,121849,"C"
322,4157216,"C"
323,213804,"C"
324,799258,"C"
325,445866,"C"
326,830056,"C"
327,3835462,"C"
328,9897760,"C"
329,927590,"C"
330,2867527,"C"
331,204143,"C"
332,253782,"C"
333,198887,"C"
334,1269240,"C"
335,81581,"C"
336,212268,"C"
337,60662,"C"
338,6093,"C"
339,531293,"C"
340,1142806,"C"
341,65016,"C"
342,308997,"C"
343,874029,"C"
344,2839611,"C"
345,1558128,"C"
346,7098844,"C"
347,63886,"C"
348,108198,"C"
349,1815326,"C"
350,191026,"C"
351,193175,"C"
352,152496,"C"
353,744334,"C"
354,371106,"C"
355,1752990,"C"
356,86585,"C"
357,733907,"C"
358,358374,"C"
359,18054,"C"
360,1457403,"C"
361,11677,"C"
362,82361,"C"
363,82152,"C"
364,101053,"C"
365,2183829,"C"
366,835921,"C"
367,575919,"C"
368,969236,"C"
369,2340317,"C"
370,1521188,"C"
371,431548,"C"
372,439332,"C"
373,1685404,"C"
374,609990,"C"
375,1487328,"C"
376,1422207,"C"
377,21115,"C"
378,265302,"C"
379,1937659,"C"
380,8398666,"C"
381,4090062,"C"
382,875830,"C"
383,452071,"C"
384,151231,"C"
385,573330,"C"
386,7566769,"C"
387,1623839,"C"
388,113038,"C"
389,15826790,"C"
390,4315690,"C"
391,8967,"C"
392,139679,"C"
393,22751598,"C"
394,4358953,"C"
395,1102029,"C"
396,6731401,"C"
397,3207325,"C"
398,4552880,"C"
399,5812829,"C"
400,2517335,"C"
401,3541558,"C"
402,5472103,"C"
403,11538706,"C"
404,382094,"C"
405,15393,"C"
406,323439,"C"
407,11171812,"C"
408,900333,"C"
409,191,"C"
410,490266,"C"
411,3977498,"C"
412,5457059,"C"
413,410805,"C"
414,204414,"C"
415,3127001,"C"
416,2770640,"C"
417,3915,"C"
418,74168,"C"
419,2168658,"C"
420,3942273,"C"
421,21756,"C"
422,181452,"C"
423,542434,"C"
424,420116,"C"
425,68806,"C"
426,1107793,"C"
427,2325891,"C"
428,2926608,"C"
429,381883,"C"
430,16451500,"C"
431,18819958,"C"
432,9767,"C"
433,979877,"C"
434,259396,"C"
435,5057974,"C"
436,4544057,"C"
437,3836,"C"
438,46301,"C"
439,181338,"C"
440,25836372,"C"
441,31145662,"C"
442,14699324,"C"
443,1793795,"C"
444,8515482,"C"
445,3717043,"C"
446,63376,"C"
447,1641819,"C"
448,119468,"C"
449,4264716,"C"
450,44954,"C"
451,157859,"C"
452,4586986,"C"
453,3180145,"C"
454,6012,"C"
455,479020,"C"
456,434377,"C"
457,10039837,"C"
458,1302196,"C"
459,3929581,"C"
460,10610344,"C"
461,289406,"C"
462,7547363,"C"
463,4135700,"C"
464,1042363,"C"
465,553551,"C"
466,802869,"C"
467,573057,"C"
468,7089262,"C"
469,10553456,"C"
470,3504485,"C"
471,27206,"C"
472,35329,"C"
473,25287535,"C"
474,936771,"C"
475,339609,"C"
476,234,"C"
477,23131,"C"
478,94600,"C"
479,246295,"C"
480,514402,"C"
481,221088,"C"
482,1110863,"C"
483,620576,"C"
484,151936,"C"
485,119054,"C"
486,377620,"C"
487,737001,"C"
488,268798,"C"
489,112428,"C"
490,95384,"C"
491,6384,"C"
492,724723,"C"
493,2395862,"C"
494,4651690,"C"
495,1996205,"C"
496,164281,"C"
497,5363,"C"
498,19537208,"C"
499,12207204,"C"
500,833073,"C"
501,161484,"C"
502,335658,"C"
503,1818022,"C"
504,5684940,"C"
505,998553,"C"
506,370118,"C"
507,2525432,"C"
508,591141,"C"
509,30534,"C"
510,2534281,"C"
511,1406760,"C"
512,505027,"C"
513,2251900,"C"
514,1211599,"C"
515,13459,"C"
516,27948,"C"
517,468049,"C"
518,13073361,"C"
519,2456164,"C"
520,32056,"C"
521,8320,"C"
522,914142,"C"
523,110127,"C"
524,2254320,"C"
525,154907,"C"
526,215431,"C"
527,2310904,"C"
528,61735,"C"
529,236825,"C"
530,102423,"C"
531,2867443,"C"
532,3615353,"C"
533,5234652,"C"
534,281782,"C"
535,617507,"C"
536,71711,"C"
537,1700212,"C"
538,3329534,"C"
539,2774636,"C"
540,458644,"C"
541,76636,"C"
542,1199905,"C"
543,402305,"C"
544,9068,"C"
545,3862,"C"
546,10241,"C"
547,286333,"C"
548,472098,"C"
549,466604,"C"
550,93644,"C"
551,217494,"C"
552,6126456,"C"
553,2256961,"C"
554,356169,"C"
555,4428573,"C"
556,2031583,"C"
557,474350,"C"
558,122516,"C"
559,1468244,"C"
560,21383,"C"
561,2059596,"C"
562,1119347,"C"
563,40384,"C"
564,666346,"C"
565,15594,"C"
566,328309,"C"
567,15072,"C"
568,99247,"C"
569,5660639,"C"
570,8918590,"C"
571,2713921,"C"
572,2117873,"C"
573,36549,"C"
574,21403186,"C"
575,8359330,"C"
576,4062076,"C"
577,91503,"C"
578,278853,"C"
579,161846,"C"
580,63045,"C"
581,62028,"C"
582,759925,"C"
583,667147,"C"
584,57119,"C"
585,81123,"C"
586,9483,"C"
587,1921,"C"
588,39572,"C"
589,84268,"C"
590,67310,"C"
591,294927,"C"
592,613937,"C"
593,1409764,"C"
594,2123423,"C"
595,2515640,"C"
596,1469,"C"
597,305262,"C"
598,57405,"C"
599,1269594,"C"
600,592073,"C"
601,960949,"C"
602,9438329,"C"
603,1613835,"C"
604,15875545,"C"
605,3893561,"C"
606,3305952,"C"
607,137798,"C"
608,587881,"C"
609,291463,"C"
610,374197,"C"
611,1810584,"C"
612,302608,"C"
613,4407285,"C"
614,123603,"C"
615,1259640,"C"
616,1097433,"C"
617,864922,"C"
618,184582,"C"
619,94537,"C"
620,3032891,"C"
621,116202,"C"
622,118741,"C"
623,94269,"C"
624,758010,"C"
625,79954,"C"
626,288590,"C"
627,3800,"C"
628,122062,"C"
629,37069,"C"
630,4955867,"C"
631,6593621,"C"
632,16650473,"C"
633,5321065,"C"
634,1237,"C"
635,834384,"C"
636,1859628,"C"
637,1503623,"C"
638,11491490,"C"
639,3784866,"C"
640,292291,"C"
641,806053,"C"
642,3243914,"C"
643,149389,"C"
644,1798491,"C"
645,21045,"C"
646,199860,"C"
647,39916,"C"
648,96700,"C"
649,766489,"C"
650,28152,"C"
651,361639,"C"
652,11621077,"C"
653,2139404,"C"
654,272874,"C"
655,1017857,"C"
656,242294,"C"
657,424407,"C"
658,1673089,"C"
659,1755120,"C"
660,378835,"C"
661,32029,"C"
662,477973,"C"
663,1614494,"C"
664,427105,"C"
665,6875300,"C"
666,2439755,"C"
667,1096645,"C"
668,12311,"C"
669,83977,"C"
670,4751927,"C"
671,6959140,"C"
672,44836,"C"
673,3880891,"C"
674,132417,"C"
675,4197159,"C"
676,3613615,"C"
677,2202624,"C"
678,478551,"C"
679,14398,"C"
680,1264430,"C"
681,78620,"C"
682,163861,"C"
683,1095989,"C"
684,15237,"C"
685,219105,"C"
686,203607,"C"
687,175897,"C"
688,99429,"C"
689,9478,"C"
690,2738,"C"
691,79276,"C"
692,20105,"C"
693,971635,"C"
694,1947302,"C"
695,6985521,"C"
696,2050935,"C"
697,356293,"C"
698,175837,"C"
699,620118,"C"
700,4252550,"C"
701,112446,"C"
702,35571,"C"
703,317696,"C"
704,6311607,"C"
705,6917820,"C"
706,178167,"C"
707,2441134,"C"
708,502978,"C"
709,1946874,"C"
710,1030209,"C"
711,23954,"C"
712,13225,"C"
713,63820,"C"
714,347765,"C"
715,13095604,"C"
716,10735141,"C"
717,11090230,"C"
718,4228854,"C"
719,69949,"C"
720,16983,"C"
721,539017,"C"
722,5287479,"C"
723,167478,"C"
724,9746266,"C"
725,3036619,"C"
726,1335765,"C"
727,792128,"C"
728,883371,"C"
729,135899,"C"
730,35036,"C"
731,284586,"C"
732,1034878,"C"
733,1002695,"C"
734,483258,"C"
735,19327,"C"
736,18918,"C"
737,2101328,"C"
738,1937456,"C"
739,8767,"C"
740,1779249,"C"
741,2086927,"C"
742,4721810,"C"
743,1200485,"C"
744,3577503,"C"
745,2926443,"C"
746,337933,"C"
747,1040524,"C"
748,1051967,"C"
749,33177,"C"
750,249580,"C"
751,33092,"C"
752,44843,"C"
753,159762,"C"
754,542925,"C"
755,1937500,"C"
756,93475,"C"
757,1266560,"C"
758,706818,"C"
759,28895,"C"
760,205960,"C"
761,1963963,"C"
762,103090,"C"
763,233640,"C"
764,9203197,"C"
765,1444681,"C"
766,79102,"C"
767,368852,"C"
768,625803,"C"
769,2715638,"C"
770,221652,"C"
771,902214,"C"
772,781307,"C"
773,265249,"C"
774,279481,"C"
775,16799604,"C"
776,7277211,"C"
777,6852105,"C"
778,382857,"C"
779,508939,"C"
780,562608,"C"
781,1528852,"C"
782,105101,"C"
783,212823,"C"
784,127498,"C"
785,22466,"C"
786,834951,"C"
787,322153,"C"
788,3682902,"C"
789,2659195,"C"
790,257658,"C"
791,716593,"C"
792,1736277,"C"
793,5846290,"C"
794,4518560,"C"
795,630574,"C"
796,93630,"C"
797,163670,"C"
798,6384241,"C"
799,1056319,"C"
800,254806,"C"
801,519703,"C"
802,12802,"C"
803,2104123,"C"
804,2353190,"C"
805,80272,"C"
806,35077,"C"
807,45572,"C"
808,18141,"C"
809,51382,"C"
810,183103,"C"
811,982294,"C"
812,416548,"C"
813,2891583,"C"
814,179377,"C"
815,268193,"C"
816,1776376,"C"
817,102960,"C"
818,1054668,"C"
819,15907,"C"
820,587069,"C"
821,968180,"C"
822,56165,"C"
823,71426,"C"
824,437933,"C"
825,309088,"C"
826,2865632,"C"
827,3929754,"C"
828,6757584,"C"
829,1879294,"C"
830,8540888,"C"
831,509319,"C"
832,401724,"C"
833,57566,"C"
834,79480,"C"
835,1684416,"C"
836,413891,"C"
837,434592,"C"
838,5452211,"C"
839,1394449,"C"
840,284210,"C"
841,7719,"C"
842,2337862,"C"
843,1004151,"C"
844,414718,"C"
845,4399913,"C"
846,3646802,"C"
847,51068,"C"
848,1430,"C"
849,27676,"C"
850,165551,"C"
851,330480,"C"
852,272120,"C"
853,21670,"C"
854,58685,"C"
855,568061,"C"
856,2755874,"C"
857,4129665,"C"
858,2364483,"C"
859,19148239,"C"
860,509260,"C"
861,84170,"C"
862,10295802,"C"
863,7948621,"C"
864,10127,"C"
865,147454,"C"
866,413239,"C"
867,471127,"C"
868,1907319,"C"
869,26845681,"C"
870,351142,"C"
871,987,"C"
872,748220,"C"
873,835839,"C"
874,360417,"C"
875,268250,"C"
876,31533,"C"
877,5737865,"C"
878,4704543,"C"
879,104219,"C"
880,5870,"C"
881,470327,"C"
882,1221924,"C"
883,14567,"C"
884,3256,"C"
885,1872338,"C"
886,2230916,"C"
887,90820,"C"
888,120016,"C"
889,8524941,"C"
890,78578957,"C"
891,692224,"C"
892,20311,"C"
893,24904,"C"
894,224151,"C"
895,2026040,"C"
896,277955,"C"
897,10994,"C"
898,347651,"C"
899,546429,"C"
900,153015,"C"
901,754237,"C"
902,477495,"C"
903,1710124,"C"
904,59741,"C"
905,148932,"C"
906,45948,"C"
907,1618928,"C"
908,246283,"C"
909,1006740,"C"
910,1770134,"C"
911,1756938,"C"
912,2614826,"C"
913,328019,"C"
914,56924,"C"
915,185144,"C"
916,2061749,"C"
917,1570700,"C"
918,2814938,"C"
919,655643,"C"
920,2862512,"C"
921,137685,"C"
922,1781,"C"
923,98288,"C"
924,64175,"C"
925,316077,"C"
926,1519983,"C"
927,177207,"C"
928,214078,"C"
929,13303,"C"
930,1149163,"C"
931,1453724,"C"
932,946368,"C"
933,24083,"C"
934,27581,"C"
935,226775,"C"
936,9052741,"C"
937,16899802,"C"
938,241916,"C"
939,4870584,"C"
940,71363,"C"
941,43417397,"C"
942,7278899,"C"
943,171235,"C"
944,1113500,"C"
945,581199,"C"
946,1891982,"C"
947,1424581,"C"
948,2008707,"C"
949,2825490,"C"
950,2301433,"C"
951,3359456,"C"
952,3519762,"C"
953,1762730,"C"
954,6605355,"C"
955,39912,"C"
956,789324,"C"
957,22571008,"C"
958,1115758,"C"
959,1951065,"C"
960,1410252,"C"
961,1775428,"C"
962,82871,"C"
963,35954,"C"
964,14383,"C"
965,202570,"C"
966,20663105,"C"
967,8215101,"C"
968,417063,"C"
969,3797554,"C"
970,110985,"C"
971,856296,"C"
972,262973,"C"
973,362360,"C"
974,3322369,"C"
975,1418333,"C"
976,360707,"C"
977,396968,"C"
978,436197,"C"
979,850764,"C"
980,86676,"C"
981,122753,"C"
982,50329,"C"
983,616004,"C"
984,113568,"C"
985,19525,"C"
986,25090,"C"
987,30949,"C"
988,107653,"C"
989,61912,"C"
990,527852,"C"
991,390353,"C"
992,10801,"C"
993,25801,"C"
994,16265,"C"
995,258364,"C"
996,111498,"C"
997,191482,"C"
998,2181100,"C"
999,2677668,"C"
1000,2996497,"C"
1,972481,"D"
2,1875058,"D"
3,120368,"D"
4,339003,"D"
5,7040601,"D"
6,168188,"D"
7,876040,"D"
8,336080,"D"
9,5660,"D"
10,182069,"D"
11,525449,"D"
12,5126293,"D"
13,7198496,"D"
14,5003772,"D"
15,3999845,"D"
16,245976,"D"
17,507239,"D"
18,53324,"D"
19,38243,"D"
20,179097,"D"
21,17039091,"D"
22,3542982,"D"
23,141503,"D"
24,792080,"D"
25,3777214,"D"
26,575570,"D"
27,134161,"D"
28,164627,"D"
29,89730,"D"
30,125965,"D"
31,254713,"D"
32,1220188,"D"
33,1970020,"D"
34,4300748,"D"
35,1154790,"D"
36,228076,"D"
37,331118,"D"
38,347453,"D"
39,125059,"D"
40,315106,"D"
41,592355,"D"
42,60482,"D"
43,9620374,"D"
44,3779731,"D"
45,38004,"D"
46,739080,"D"
47,52048,"D"
48,987505,"D"
49,191530,"D"
50,1956417,"D"
51,64413,"D"
52,598888,"D"
53,1145281,"D"
54,372198,"D"
55,1449813,"D"
56,5768123,"D"
57,427627,"D"
58,2517188,"D"
59,4634916,"D"
60,72131,"D"
61,2571834,"D"
62,1577118,"D"
63,2565932,"D"
64,935689,"D"
65,322573,"D"
66,70057,"D"
67,3741840,"D"
68,7274711,"D"
69,728627,"D"
70,3864291,"D"
71,2997568,"D"
72,915108,"D"
73,292839,"D"
74,1157509,"D"
75,20213,"D"
76,615157,"D"
77,24589,"D"
78,234743,"D"
79,1244335,"D"
80,1693213,"D"
81,1993166,"D"
82,2383657,"D"
83,441415,"D"
84,5964063,"D"
85,2009021,"D"
86,295868,"D"
87,816996,"D"
88,1629740,"D"
89,3995628,"D"
90,37379586,"D"
91,16597502,"D"
92,188929,"D"
93,59578,"D"
94,252564,"D"
95,3126456,"D"
96,3086111,"D"
97,3236549,"D"
98,55676,"D"
99,143435,"D"
100,110125,"D"
101,346506,"D"
102,863330,"D"
103,1036271,"D"
104,990611,"D"
105,504098,"D"
106,2157900,"D"
107,3671486,"D"
108,18838905,"D"
109,5791507,"D"
110,304565,"D"
111,138310,"D"
112,239652,"D"
113,9536147,"D"
114,372906,"D"
115,63285,"D"
116,218910,"D"
117,389629,"D"
118,63189,"D"
119,134885,"D"
120,457156,"D"
121,10306,"D"
122,13105,"D"
123,322593,"D"
124,591286,"D"
125,1343760,"D"
126,1459786,"D"
127,124040,"D"
128,1008759,"D"
129,9212006,"D"
130,578611,"D"
131,5173620,"D"
132,671931,"D"
133,664078,"D"
134,609641,"D"
135,373875,"D"
136,3035241,"D"
137,212904,"D"
138,114648,"D"
139,170573,"D"
140,992447,"D"
141,53415,"D"
142,1102075,"D"
143,469269,"D"
144,1347456,"D"
145,501255,"D"
146,2582508,"D"
147,632720,"D"
148,244936,"D"
149,169394,"D"
150,471232,"D"
151,61037,"D"
152,442790,"D"
153,165277,"D"
154,127309,"D"
155,214855,"D"
156,1910182,"D"
157,828994,"D"
158,469798,"D"
159,120094,"D"
160,191173,"D"
161,568346,"D"
162,519805,"D"
163,86135,"D"
164,12197376,"D"
165,3480697,"D"
166,2798417,"D"
167,459079,"D"
168,547287,"D"
169,231404,"D"
170,57034,"D"
171,19936,"D"
172,194082,"D"
173,357594,"D"
174,56273,"D"
175,517122,"D"
176,4235146,"D"
177,5205588,"D"
178,75237,"D"
179,50264,"D"
180,1192108,"D"
181,2766148,"D"
182,303417,"D"
183,7192464,"D"
184,9578187,"D"
185,6511516,"D"
186,10568272,"D"
187,6493452,"D"
188,640415,"D"
189,689571,"D"
190,201955,"D"
191,1187705,"D"
192,800235,"D"
193,1126677,"D"
194,15634,"D"
195,154797,"D"
196,14253,"D"
197,52797,"D"
198,3513,"D"
199,130943,"D"
200,1711393,"D"
201,3808032,"D"
202,28650,"D"
203,121329,"D"
204,2131415,"D"
205,245143,"D"
206,1330523,"D"
207,364578,"D"
208,129021,"D"
209,981490,"D"
210,744858,"D"
211,888949,"D"
212,653274,"D"
213,5500,"D"
214,130449,"D"
215,433483,"D"
216,350282,"D"
217,12340508,"D"
218,216952,"D"
219,1199909,"D"
220,652950,"D"
221,539478,"D"
222,4618823,"D"
223,464839,"D"
224,215648,"D"
225,686141,"D"
226,711867,"D"
227,439613,"D"
228,1568072,"D"
229,28111,"D"
230,184419,"D"
231,4198905,"D"
232,4304736,"D"
233,3885671,"D"
234,2286533,"D"
235,1314653,"D"
236,1776974,"D"
237,764545,"D"
238,270547,"D"
239,312016,"D"
240,2425899,"D"
241,4333037,"D"
242,33582,"D"
243,116488,"D"
244,783550,"D"
245,1231666,"D"
246,199481,"D"
247,135204,"D"
248,597437,"D"
249,2077158,"D"
250,32715258,"D"
251,3383305,"D"
252,103917,"D"
253,23366559,"D"
254,7430061,"D"
255,2167280,"D"
256,4821661,"D"
257,1087435,"D"
258,5207670,"D"
259,2102868,"D"
260,367751,"D"
261,712315,"D"
262,2076283,"D"
263,708446,"D"
264,2483129,"D"
265,226029,"D"
266,166326,"D"
267,684321,"D"
268,2823017,"D"
269,909873,"D"
270,362806,"D"
271,913931,"D"
272,1852012,"D"
273,98069,"D"
274,21880,"D"
275,5112,"D"
276,34573,"D"
277,3445713,"D"
278,1231348,"D"
279,607907,"D"
280,132028,"D"
281,35494,"D"
282,11199,"D"
283,536101,"D"
284,309510,"D"
285,1868780,"D"
286,6426933,"D"
287,2597407,"D"
288,277660,"D"
289,8191224,"D"
290,1074057,"D"
291,408721,"D"
292,5462850,"D"
293,1517334,"D"
294,16780942,"D"
295,1404347,"D"
296,1887977,"D"
297,670653,"D"
298,2795874,"D"
299,212242,"D"
300,22689,"D"
301,51340,"D"
302,8852490,"D"
303,2479978,"D"
304,820894,"D"
305,239783,"D"
306,286194,"D"
307,175460,"D"
308,21483,"D"
309,78378,"D"
310,1626893,"D"
311,11463823,"D"
312,229296,"D"
313,180505,"D"
314,1574273,"D"
315,258774,"D"
316,48336,"D"
317,468936,"D"
318,121806,"D"
319,1788551,"D"
320,313239,"D"
321,3331622,"D"
322,1506463,"D"
323,23800,"D"
324,44541,"D"
325,167014,"D"
326,67865,"D"
327,941753,"D"
328,548565,"D"
329,26542,"D"
330,3146583,"D"
331,871747,"D"
332,962495,"D"
333,213237,"D"
334,387476,"D"
335,4290539,"D"
336,3651130,"D"
337,660073,"D"
338,116642,"D"
339,2624351,"D"
340,646737,"D"
341,116097,"D"
342,1510117,"D"
343,140595,"D"
344,239842,"D"
345,272240,"D"
346,8932373,"D"
347,2425700,"D"
348,31163,"D"
349,824582,"D"
350,113738,"D"
351,220895,"D"
352,156340,"D"
353,237065,"D"
354,2922671,"D"
355,1888976,"D"
356,59954,"D"
357,585518,"D"
358,1203806,"D"
359,1207652,"D"
360,79933,"D"
361,124743,"D"
362,447788,"D"
363,2663429,"D"
364,722185,"D"
365,4804744,"D"
366,5994375,"D"
367,7515125,"D"
368,2076467,"D"
369,4855842,"D"
370,3390885,"D"
371,421545,"D"
372,586951,"D"
373,830290,"D"
374,642422,"D"
375,1329687,"D"
376,623914,"D"
377,70979,"D"
378,28744,"D"
379,370341,"D"
380,543009,"D"
381,1540260,"D"
382,10025427,"D"
383,35383284,"D"
384,20042146,"D"
385,710392,"D"
386,1003654,"D"
387,25007,"D"
388,97171,"D"
389,14432401,"D"
390,3541943,"D"
391,292132,"D"
392,1027712,"D"
393,413759,"D"
394,2195829,"D"
395,7750890,"D"
396,4355676,"D"
397,174314,"D"
398,240123,"D"
399,3719090,"D"
400,1082153,"D"
401,1132345,"D"
402,1453347,"D"
403,2485268,"D"
404,140534,"D"
405,316720,"D"
406,502750,"D"
407,213092,"D"
408,150539,"D"
409,3081,"D"
410,276456,"D"
411,247304,"D"
412,427108,"D"
413,2712949,"D"
414,9530315,"D"
415,2809399,"D"
416,527419,"D"
417,47661,"D"
418,2745,"D"
419,82871,"D"
420,2384791,"D"
421,165891,"D"
422,4606344,"D"
423,2804792,"D"
424,2138877,"D"
425,595638,"D"
426,1147477,"D"
427,276224,"D"
428,2437485,"D"
429,2554986,"D"
430,2267056,"D"
431,1290011,"D"
432,63074,"D"
433,963174,"D"
434,165733,"D"
435,2727043,"D"
436,3805691,"D"
437,24717,"D"
438,947969,"D"
439,2546971,"D"
440,12982809,"D"
441,922280,"D"
442,258401,"D"
443,67692,"D"
444,765845,"D"
445,116797,"D"
446,133978,"D"
447,181834,"D"
448,152022,"D"
449,13850076,"D"
450,14981,"D"
451,50549,"D"
452,293240,"D"
453,206028,"D"
454,473523,"D"
455,5781980,"D"
456,732092,"D"
457,579203,"D"
458,16570,"D"
459,39251,"D"
460,1381759,"D"
461,2606575,"D"
462,219953,"D"
463,274354,"D"
464,2403605,"D"
465,1042149,"D"
466,2637384,"D"
467,352542,"D"
468,767113,"D"
469,7254726,"D"
470,3986316,"D"
471,642192,"D"
472,58263,"D"
473,488510,"D"
474,53787,"D"
475,618038,"D"
476,4128,"D"
477,70730,"D"
478,53046,"D"
479,996486,"D"
480,49440,"D"
481,195168,"D"
482,2832822,"D"
483,190569,"D"
484,122895,"D"
485,2312068,"D"
486,995740,"D"
487,1687032,"D"
488,4402131,"D"
489,271147,"D"
490,528087,"D"
491,340838,"D"
492,10858205,"D"
493,5750261,"D"
494,353304,"D"
495,2209968,"D"
496,1811670,"D"
497,301223,"D"
498,6010871,"D"
499,27565329,"D"
500,9200133,"D"
501,643378,"D"
502,1808193,"D"
503,8918931,"D"
504,4931043,"D"
505,744766,"D"
506,559035,"D"
507,949064,"D"
508,701451,"D"
509,338951,"D"
510,2525587,"D"
511,1335764,"D"
512,2011587,"D"
513,2709261,"D"
514,330263,"D"
515,66331,"D"
516,77314,"D"
517,251371,"D"
518,1303997,"D"
519,169721,"D"
520,45720,"D"
521,94146,"D"
522,4867788,"D"
523,3813121,"D"
524,142621,"D"
525,23573,"D"
526,1419278,"D"
527,6808849,"D"
528,19492,"D"
529,376328,"D"
530,793452,"D"
531,14808828,"D"
532,505383,"D"
533,705920,"D"
534,2279353,"D"
535,409315,"D"
536,15949,"D"
537,1769014,"D"
538,5596944,"D"
539,112504,"D"
540,35475,"D"
541,494241,"D"
542,52703,"D"
543,48160,"D"
544,105182,"D"
545,675202,"D"
546,259845,"D"
547,3253470,"D"
548,403933,"D"
549,1887327,"D"
550,454090,"D"
551,700016,"D"
552,1518629,"D"
553,80557,"D"
554,106600,"D"
555,403492,"D"
556,1044012,"D"
557,3156328,"D"
558,234126,"D"
559,546115,"D"
560,3609500,"D"
561,2861005,"D"
562,671894,"D"
563,39969,"D"
564,132230,"D"
565,20504,"D"
566,1435948,"D"
567,168525,"D"
568,403417,"D"
569,21728,"D"
570,3278443,"D"
571,17276681,"D"
572,19094862,"D"
573,261470,"D"
574,2175032,"D"
575,7985670,"D"
576,7537854,"D"
577,105381,"D"
578,216651,"D"
579,805925,"D"
580,1386968,"D"
581,2240790,"D"
582,728031,"D"
583,2799093,"D"
584,185968,"D"
585,802633,"D"
586,360588,"D"
587,1197460,"D"
588,602311,"D"
589,80401,"D"
590,179274,"D"
591,34878,"D"
592,70932,"D"
593,290349,"D"
594,814089,"D"
595,485846,"D"
596,6692,"D"
597,2505903,"D"
598,498850,"D"
599,737537,"D"
600,214751,"D"
601,14633,"D"
602,374959,"D"
603,883859,"D"
604,6041187,"D"
605,250092,"D"
606,93549,"D"
607,618761,"D"
608,106482,"D"
609,41570,"D"
610,31797,"D"
611,230144,"D"
612,6530304,"D"
613,48075816,"D"
614,7841290,"D"
615,4173596,"D"
616,1189726,"D"
617,418223,"D"
618,899826,"D"
619,190255,"D"
620,5364478,"D"
621,6756028,"D"
622,7343231,"D"
623,157614,"D"
624,5471311,"D"
625,3547796,"D"
626,408103,"D"
627,6303,"D"
628,30058,"D"
629,45859,"D"
630,322819,"D"
631,80051,"D"
632,795489,"D"
633,445237,"D"
634,17430,"D"
635,18111,"D"
636,12516301,"D"
637,2048412,"D"
638,523391,"D"
639,1288225,"D"
640,548783,"D"
641,1067273,"D"
642,196727,"D"
643,81994,"D"
644,225108,"D"
645,121300,"D"
646,1483207,"D"
647,304434,"D"
648,1078246,"D"
649,1482449,"D"
650,26049,"D"
651,15394,"D"
652,1527990,"D"
653,696989,"D"
654,365381,"D"
655,57390,"D"
656,983507,"D"
657,2805830,"D"
658,138550,"D"
659,24437,"D"
660,85918,"D"
661,3092,"D"
662,82738,"D"
663,171681,"D"
664,41854,"D"
665,2446568,"D"
666,215322,"D"
667,274992,"D"
668,305099,"D"
669,21786,"D"
670,53545,"D"
671,1444472,"D"
672,84963,"D"
673,651101,"D"
674,758838,"D"
675,1751502,"D"
676,166449,"D"
677,2900969,"D"
678,875258,"D"
679,4736,"D"
680,80443,"D"
681,69337,"D"
682,1088561,"D"
683,2435160,"D"
684,948987,"D"
685,2941256,"D"
686,2806791,"D"
687,13496865,"D"
688,2670246,"D"
689,11738517,"D"
690,860539,"D"
691,6294903,"D"
692,35684,"D"
693,417613,"D"
694,6287850,"D"
695,4834254,"D"
696,781504,"D"
697,1500086,"D"
698,756117,"D"
699,51540,"D"
700,588620,"D"
701,267862,"D"
702,51092,"D"
703,43601,"D"
704,979550,"D"
705,2413140,"D"
706,251871,"D"
707,522601,"D"
708,824548,"D"
709,1774435,"D"
710,2172695,"D"
711,1110196,"D"
712,3964039,"D"
713,8930,"D"
714,2150783,"D"
715,3040813,"D"
716,1998295,"D"
717,4784701,"D"
718,2447085,"D"
719,38606,"D"
720,45090,"D"
721,93341,"D"
722,823815,"D"
723,201233,"D"
724,7696953,"D"
725,3187502,"D"
726,1814819,"D"
727,151268,"D"
728,1689401,"D"
729,488278,"D"
730,876309,"D"
731,380745,"D"
732,365254,"D"
733,302550,"D"
734,363639,"D"
735,8879862,"D"
736,362301,"D"
737,12209784,"D"
738,1382372,"D"
739,8309,"D"
740,690137,"D"
741,185492,"D"
742,241899,"D"
743,1426497,"D"
744,1424858,"D"
745,8016614,"D"
746,6012419,"D"
747,2259261,"D"
748,1613348,"D"
749,33830,"D"
750,276500,"D"
751,834902,"D"
752,2059311,"D"
753,241721,"D"
754,192016,"D"
755,5233362,"D"
756,315623,"D"
757,2520067,"D"
758,2892109,"D"
759,2996391,"D"
760,868924,"D"
761,1056827,"D"
762,180188,"D"
763,759312,"D"
764,9675892,"D"
765,702330,"D"
766,267360,"D"
767,547873,"D"
768,90730,"D"
769,2874658,"D"
770,148441,"D"
771,1170669,"D"
772,698701,"D"
773,265583,"D"
774,2689070,"D"
775,7737134,"D"
776,2525073,"D"
777,600288,"D"
778,243852,"D"
779,2162917,"D"
780,1438925,"D"
781,933263,"D"
782,67740,"D"
783,38404,"D"
784,1002069,"D"
785,330403,"D"
786,9645541,"D"
787,6647388,"D"
788,5701858,"D"
789,2118840,"D"
790,127590,"D"
791,800995,"D"
792,3022104,"D"
793,948377,"D"
794,829197,"D"
795,293852,"D"
796,195514,"D"
797,58352,"D"
798,495123,"D"
799,100910,"D"
800,1806374,"D"
801,220529,"D"
802,3328,"D"
803,1508454,"D"
804,4267562,"D"
805,1806161,"D"
806,80480,"D"
807,177880,"D"
808,57408,"D"
809,254513,"D"
810,122995,"D"
811,202436,"D"
812,411328,"D"
813,2150098,"D"
814,2356735,"D"
815,233451,"D"
816,444002,"D"
817,62625,"D"
818,267933,"D"
819,19287,"D"
820,240785,"D"
821,152188,"D"
822,483338,"D"
823,501980,"D"
824,481222,"D"
825,47099,"D"
826,6529188,"D"
827,1592633,"D"
828,1089478,"D"
829,415888,"D"
830,6032848,"D"
831,1900726,"D"
832,853434,"D"
833,227264,"D"
834,3621863,"D"
835,2608133,"D"
836,1574625,"D"
837,1089400,"D"
838,1822270,"D"
839,184503,"D"
840,976582,"D"
841,1272217,"D"
842,157579,"D"
843,239664,"D"
844,284610,"D"
845,1755792,"D"
846,989777,"D"
847,1622990,"D"
848,356460,"D"
849,72701,"D"
850,328662,"D"
851,124446,"D"
852,47421,"D"
853,281912,"D"
854,129040,"D"
855,1651826,"D"
856,59348,"D"
857,1046102,"D"
858,579536,"D"
859,570260,"D"
860,158494,"D"
861,103761,"D"
862,521833,"D"
863,286685,"D"
864,5478,"D"
865,2039620,"D"
866,2488742,"D"
867,88509,"D"
868,274530,"D"
869,2955809,"D"
870,22670,"D"
871,1216,"D"
872,322368,"D"
873,315460,"D"
874,1534142,"D"
875,1565458,"D"
876,176974,"D"
877,10168879,"D"
878,14485739,"D"
879,109938,"D"
880,111356,"D"
881,4415254,"D"
882,9009662,"D"
883,25293,"D"
884,607625,"D"
885,76703,"D"
886,93108,"D"
887,278159,"D"
888,425678,"D"
889,2517524,"D"
890,1463683,"D"
891,67256,"D"
892,263890,"D"
893,51790,"D"
894,405927,"D"
895,1106836,"D"
896,209940,"D"
897,255788,"D"
898,671397,"D"
899,997349,"D"
900,602709,"D"
901,2727562,"D"
902,11135,"D"
903,2888086,"D"
904,2092185,"D"
905,235911,"D"
906,683273,"D"
907,7861178,"D"
908,39825,"D"
909,1198801,"D"
910,3667169,"D"
911,266777,"D"
912,1094336,"D"
913,1206878,"D"
914,1092119,"D"
915,86686,"D"
916,411949,"D"
917,170637,"D"
918,722356,"D"
919,99569,"D"
920,82477,"D"
921,1131297,"D"
922,5734,"D"
923,193386,"D"
924,643371,"D"
925,94418,"D"
926,1061732,"D"
927,110519,"D"
928,1644711,"D"
929,125879,"D"
930,320664,"D"
931,1624169,"D"
932,2681307,"D"
933,55554,"D"
934,410145,"D"
935,2621170,"D"
936,2467295,"D"
937,706315,"D"
938,5483,"D"
939,7153472,"D"
940,3365562,"D"
941,1555027,"D"
942,692827,"D"
943,3147952,"D"
944,2180500,"D"
945,2786059,"D"
946,2207603,"D"
947,2043016,"D"
948,2005438,"D"
949,3565664,"D"
950,582906,"D"
951,168707,"D"
952,569289,"D"
953,89069,"D"
954,13953750,"D"
955,1310646,"D"
956,1033760,"D"
957,4997935,"D"
958,2564673,"D"
959,566911,"D"
960,3309409,"D"
961,1784005,"D"
962,9966,"D"
963,4559194,"D"
964,12633830,"D"
965,2414862,"D"
966,768456,"D"
967,1339689,"D"
968,4251405,"D"
969,10021017,"D"
970,636036,"D"
971,2342609,"D"
972,352415,"D"
973,941011,"D"
974,89563,"D"
975,78474,"D"
976,655619,"D"
977,465187,"D"
978,570075,"D"
979,5339355,"D"
980,317032,"D"
981,200611,"D"
982,131953,"D"
983,5994751,"D"
984,1356991,"D"
985,269587,"D"
986,359531,"D"
987,34495,"D"
988,151696,"D"
989,212229,"D"
990,1576340,"D"
991,3738311,"D"
992,114258,"D"
993,1653995,"D"
994,1218886,"D"
995,1366892,"D"
996,1159703,"D"
997,4044403,"D"
998,1577085,"D"
999,306668,"D"
1000,612685,"D"
1,7421,"E"
2,519791,"E"
3,82121,"E"
4,3864327,"E"
5,3563525,"E"
6,92221,"E"
7,2252902,"E"
8,14080,"E"
9,69551,"E"
10,3887314,"E"
11,1019262,"E"
12,5491,"E"
13,64189,"E"
14,334470,"E"
15,9401035,"E"
16,29166318,"E"
17,11961736,"E"
18,35134578,"E"
19,39054995,"E"
20,4217384,"E"
21,20627571,"E"
22,38287885,"E"
23,773668,"E"
24,13405186,"E"
25,18178629,"E"
26,2428071,"E"
27,963830,"E"
28,28489936,"E"
29,13062736,"E"
30,852846,"E"
31,482533,"E"
32,11999910,"E"
33,4606324,"E"
34,5173869,"E"
35,10348865,"E"
36,10682168,"E"
37,2733264,"E"
38,6270734,"E"
39,5412181,"E"
40,2987585,"E"
41,13669529,"E"
42,33673939,"E"
43,62680336,"E"
44,314927,"E"
45,255090,"E"
46,1200417,"E"
47,781867,"E"
48,9228326,"E"
49,124359,"E"
50,10017916,"E"
51,919845,"E"
52,1120675,"E"
53,49160070,"E"
54,14127858,"E"
55,78411142,"E"
56,73966986,"E"
57,8958565,"E"
58,8809228,"E"
59,45871824,"E"
60,5147110,"E"
61,258935,"E"
62,1980427,"E"
63,3623216,"E"
64,1351458,"E"
65,6789471,"E"
66,3403613,"E"
67,14017893,"E"
68,176243,"E"
69,77902,"E"
70,547512,"E"
71,213023,"E"
72,372453,"E"
73,126271,"E"
74,1768569,"E"
75,245645,"E"
76,4606057,"E"
77,205212,"E"
78,471419,"E"
79,55729,"E"
80,181234,"E"
81,439636,"E"
82,2049190,"E"
83,494248,"E"
84,5017243,"E"
85,2549472,"E"
86,1819988,"E"
87,124895,"E"
88,1203674,"E"
89,735151,"E"
90,461619,"E"
91,14197999,"E"
92,714471,"E"
93,585415,"E"
94,8722600,"E"
95,1246825,"E"
96,3209499,"E"
97,12137315,"E"
98,1260237,"E"
99,2309407,"E"
100,606898,"E"
101,905644,"E"
102,811466,"E"
103,4726887,"E"
104,2458780,"E"
105,806854,"E"
106,887025,"E"
107,1542035,"E"
108,15551575,"E"
109,10760064,"E"
110,2126197,"E"
111,263919,"E"
112,613352,"E"
113,6331535,"E"
114,47426,"E"
115,1803354,"E"
116,640806,"E"
117,3899753,"E"
118,702144,"E"
119,1097550,"E"
120,12676336,"E"
121,1223784,"E"
122,325169,"E"
123,5635684,"E"
124,254446,"E"
125,447751,"E"
126,14177992,"E"
127,1540498,"E"
128,4534980,"E"
129,9836798,"E"
130,1319806,"E"
131,7460068,"E"
132,1315344,"E"
133,47342211,"E"
134,3057355,"E"
135,1610920,"E"
136,11435719,"E"
137,3110950,"E"
138,1702342,"E"
139,214196,"E"
140,1150819,"E"
141,16870,"E"
142,325405,"E"
143,3788985,"E"
144,2260916,"E"
145,1689286,"E"
146,9492851,"E"
147,9328961,"E"
148,6086672,"E"
149,3230759,"E"
150,5143645,"E"
151,42014,"E"
152,1428057,"E"
153,954037,"E"
154,9687444,"E"
155,1081584,"E"
156,15914812,"E"
157,25287622,"E"
158,22455161,"E"
159,4194199,"E"
160,2396551,"E"
161,883860,"E"
162,491323,"E"
163,1662666,"E"
164,38803749,"E"
165,7351938,"E"
166,100923,"E"
167,276403,"E"
168,6729588,"E"
169,1827081,"E"
170,145688,"E"
171,715603,"E"
172,1036429,"E"
173,2131916,"E"
174,234416,"E"
175,1045206,"E"
176,6213777,"E"
177,3593954,"E"
178,4796504,"E"
179,942967,"E"
180,4471003,"E"
181,2848095,"E"
182,1316544,"E"
183,8445979,"E"
184,205838,"E"
185,7936299,"E"
186,8710690,"E"
187,2420266,"E"
188,1080919,"E"
189,587944,"E"
190,134732,"E"
191,4226625,"E"
192,6014544,"E"
193,13648304,"E"
194,84225,"E"
195,25867,"E"
196,12102,"E"
197,1395749,"E"
198,41717,"E"
199,865772,"E"
200,428262,"E"
201,275931,"E"
202,6707952,"E"
203,2232563,"E"
204,11463808,"E"
205,1736878,"E"
206,1002030,"E"
207,133877,"E"
208,327541,"E"
209,298321,"E"
210,715543,"E"
211,5418522,"E"
212,17310324,"E"
213,1117915,"E"
214,1589423,"E"
215,873576,"E"
216,545317,"E"
217,8379531,"E"
218,184705,"E"
219,11102656,"E"
220,5655606,"E"
221,1514787,"E"
222,50795429,"E"
223,24035550,"E"
224,4205448,"E"
225,1482533,"E"
226,6468263,"E"
227,7433097,"E"
228,2022569,"E"
229,96267,"E"
230,1962722,"E"
231,12488863,"E"
232,9170816,"E"
233,20069653,"E"
234,3775926,"E"
235,7458059,"E"
236,3077854,"E"
237,274238,"E"
238,110427,"E"
239,6685416,"E"
240,27819705,"E"
241,225719,"E"
242,713563,"E"
243,1685421,"E"
244,6371800,"E"
245,2191568,"E"
246,3203999,"E"
247,51028,"E"
248,22320,"E"
249,1884,"E"
250,18482601,"E"
251,40567164,"E"
252,4481830,"E"
253,6490497,"E"
254,674938,"E"
255,64637501,"E"
256,45064060,"E"
257,1999784,"E"
258,13728985,"E"
259,5461400,"E"
260,4148586,"E"
261,73308190,"E"
262,142412121,"E"
263,5427240,"E"
264,91443645,"E"
265,3858613,"E"
266,45047330,"E"
267,34910254,"E"
268,43128200,"E"
269,3981330,"E"
270,10388264,"E"
271,413400,"E"
272,200319,"E"
273,261314,"E"
274,85408,"E"
275,1194,"E"
276,1049472,"E"
277,516941,"E"
278,87165,"E"
279,3712,"E"
280,733732,"E"
281,2480546,"E"
282,72367,"E"
283,1601146,"E"
284,276563,"E"
285,11685220,"E"
286,6501945,"E"
287,5056972,"E"
288,664539,"E"
289,884470,"E"
290,299231,"E"
291,2781856,"E"
292,7708015,"E"
293,140838,"E"
294,16370848,"E"
295,3719847,"E"
296,3662903,"E"
297,1875817,"E"
298,2545609,"E"
299,286034,"E"
300,536213,"E"
301,2593167,"E"
302,4144167,"E"
303,1458314,"E"
304,431013,"E"
305,8098089,"E"
306,889851,"E"
307,13349776,"E"
308,1274318,"E"
309,90201,"E"
310,4226851,"E"
311,10695609,"E"
312,986378,"E"
313,162387,"E"
314,14781980,"E"
315,3191398,"E"
316,919529,"E"
317,388020,"E"
318,173208,"E"
319,9899797,"E"
320,3122494,"E"
321,30038780,"E"
322,5012883,"E"
323,30427,"E"
324,2368846,"E"
325,1511289,"E"
326,661164,"E"
327,3605214,"E"
328,7180729,"E"
329,480089,"E"
330,157362,"E"
331,170711,"E"
332,311368,"E"
333,3445562,"E"
334,2970833,"E"
335,1114813,"E"
336,393563,"E"
337,1371886,"E"
338,1837932,"E"
339,12365779,"E"
340,10175183,"E"
341,507197,"E"
342,12348262,"E"
343,1149999,"E"
344,705396,"E"
345,516727,"E"
346,9140516,"E"
347,23553430,"E"
348,1163463,"E"
349,4007572,"E"
350,440976,"E"
351,69243,"E"
352,1000691,"E"
353,7066975,"E"
354,52883160,"E"
355,73393174,"E"
356,27050665,"E"
357,95106046,"E"
358,69236460,"E"
359,4068697,"E"
360,1788596,"E"
361,117147,"E"
362,14596857,"E"
363,20392835,"E"
364,1836490,"E"
365,1204640,"E"
366,1872950,"E"
367,46481439,"E"
368,6392323,"E"
369,65918,"E"
370,4223583,"E"
371,2171311,"E"
372,397964,"E"
373,1280313,"E"
374,641903,"E"
375,1776520,"E"
376,2574084,"E"
377,246127,"E"
378,1109567,"E"
379,8411190,"E"
380,4015142,"E"
381,129311,"E"
382,15302724,"E"
383,4061963,"E"
384,884981,"E"
385,1751913,"E"
386,27097706,"E"
387,9687604,"E"
388,402417,"E"
389,5096323,"E"
390,300471,"E"
391,28059,"E"
392,1064145,"E"
393,3446924,"E"
394,71794,"E"
395,66483,"E"
396,10647445,"E"
397,6388995,"E"
398,2176268,"E"
399,57984,"E"
400,502858,"E"
401,3053283,"E"
402,712617,"E"
403,1847394,"E"
404,176320,"E"
405,87413,"E"
406,3210657,"E"
407,20351257,"E"
408,1341755,"E"
409,178134,"E"
410,21537883,"E"
411,8872637,"E"
412,72712462,"E"
413,9294567,"E"
414,5605408,"E"
415,545061,"E"
416,1662805,"E"
417,1243226,"E"
418,433457,"E"
419,291279,"E"
420,610429,"E"
421,639727,"E"
422,1394808,"E"
423,223210,"E"
424,807160,"E"
425,433845,"E"
426,437179,"E"
427,227701,"E"
428,1314301,"E"
429,3821977,"E"
430,17542228,"E"
431,27938661,"E"
432,152956,"E"
433,1760151,"E"
434,530965,"E"
435,241758,"E"
436,177541,"E"
437,114271,"E"
438,2068416,"E"
439,5043113,"E"
440,25306432,"E"
441,12689011,"E"
442,4159709,"E"
443,8151071,"E"
444,4534675,"E"
445,118991,"E"
446,198053,"E"
447,687658,"E"
448,53457,"E"
449,16046169,"E"
450,89019,"E"
451,502092,"E"
452,2065478,"E"
453,26696666,"E"
454,3143466,"E"
455,12709803,"E"
456,554713,"E"
457,1264907,"E"
458,132417,"E"
459,1378442,"E"
460,5081284,"E"
461,193638,"E"
462,112200,"E"
463,3210138,"E"
464,5428002,"E"
465,19386351,"E"
466,22166193,"E"
467,131577,"E"
468,63272,"E"
469,60211,"E"
470,394106,"E"
471,8692705,"E"
472,5652198,"E"
473,1354182,"E"
474,1152681,"E"
475,45389550,"E"
476,307512,"E"
477,159020,"E"
478,825879,"E"
479,23198429,"E"
480,470776,"E"
481,9839,"E"
482,42608,"E"
483,2103267,"E"
484,451676,"E"
485,1016885,"E"
486,1589693,"E"
487,5964568,"E"
488,5791111,"E"
489,2513454,"E"
490,10065449,"E"
491,1963439,"E"
492,823069,"E"
493,1032087,"E"
494,112188,"E"
495,343211,"E"
496,5955601,"E"
497,89780,"E"
498,122661,"E"
499,2898608,"E"
500,3424335,"E"
501,208291,"E"
502,232351,"E"
503,1252355,"E"
504,648190,"E"
505,1281205,"E"
506,789324,"E"
507,2381051,"E"
508,232347,"E"
509,562714,"E"
510,7583317,"E"
511,9400795,"E"
512,817963,"E"
513,9737584,"E"
514,7858151,"E"
515,1950796,"E"
516,1659921,"E"
517,4477609,"E"
518,29736376,"E"
519,4955922,"E"
520,2258950,"E"
521,130326,"E"
522,4223098,"E"
523,1444721,"E"
524,5460628,"E"
525,163299,"E"
526,2382316,"E"
527,11372496,"E"
528,1715012,"E"
529,2436586,"E"
530,549374,"E"
531,952686,"E"
532,13934610,"E"
533,23062876,"E"
534,2849782,"E"
535,1059608,"E"
536,23628,"E"
537,278980,"E"
538,13345596,"E"
539,13264387,"E"
540,1109861,"E"
541,1318475,"E"
542,538523,"E"
543,1345842,"E"
544,719310,"E"
545,1939173,"E"
546,9141495,"E"
547,11930696,"E"
548,2990361,"E"
549,3859542,"E"
550,532916,"E"
551,760351,"E"
552,10537483,"E"
553,6512854,"E"
554,2173467,"E"
555,439524,"E"
556,137796,"E"
557,124217,"E"
558,1211047,"E"
559,2802576,"E"
560,1521617,"E"
561,1675555,"E"
562,790660,"E"
563,35289,"E"
564,2770268,"E"
565,2523495,"E"
566,2050803,"E"
567,544656,"E"
568,1543498,"E"
569,608500,"E"
570,7659843,"E"
571,7965127,"E"
572,8202912,"E"
573,6396359,"E"
574,13785977,"E"
575,6552664,"E"
576,8391256,"E"
577,262938,"E"
578,23841433,"E"
579,6872817,"E"
580,3184769,"E"
581,14528339,"E"
582,21139229,"E"
583,211708305,"E"
584,5545003,"E"
585,746187,"E"
586,11276,"E"
587,2605491,"E"
588,4786140,"E"
589,7306960,"E"
590,2531833,"E"
591,958015,"E"
592,5949289,"E"
593,23209512,"E"
594,5609256,"E"
595,13516951,"E"
596,40541,"E"
597,543614,"E"
598,5450425,"E"
599,27158199,"E"
600,2728086,"E"
601,212909,"E"
602,317543,"E"
603,4041484,"E"
604,117514030,"E"
605,2872824,"E"
606,10625,"E"
607,111257300,"E"
608,82888197,"E"
609,4833897,"E"
610,3481046,"E"
611,30238768,"E"
612,2128037,"E"
613,1143420,"E"
614,2292965,"E"
615,4089875,"E"
616,1788810,"E"
617,1444753,"E"
618,11170314,"E"
619,43927,"E"
620,369960,"E"
621,84327,"E"
622,7406694,"E"
623,1515658,"E"
624,2989610,"E"
625,640400,"E"
626,42129,"E"
627,6412,"E"
628,348317,"E"
629,41067,"E"
630,378981,"E"
631,148276,"E"
632,711660,"E"
633,410253,"E"
634,37641,"E"
635,156695,"E"
636,4819282,"E"
637,9409567,"E"
638,29234105,"E"
639,2326736,"E"
640,1968045,"E"
641,15986764,"E"
642,5404829,"E"
643,406478,"E"
644,13494476,"E"
645,480771,"E"
646,647151,"E"
647,6049203,"E"
648,25052236,"E"
649,1922499,"E"
650,6905,"E"
651,1247898,"E"
652,3079420,"E"
653,95944,"E"
654,6123500,"E"
655,6450268,"E"
656,1335400,"E"
657,5664612,"E"
658,195237,"E"
659,2371634,"E"
660,1129161,"E"
661,45275,"E"
662,778569,"E"
663,34829668,"E"
664,714105,"E"
665,550243,"E"
666,153906,"E"
667,82693,"E"
668,87207,"E"
669,126509,"E"
670,3455458,"E"
671,2306614,"E"
672,30485,"E"
673,45301,"E"
674,173756,"E"
675,247104,"E"
676,502820,"E"
677,15107,"E"
678,10517,"E"
679,234,"E"
680,891720,"E"
681,111588,"E"
682,7763711,"E"
683,3877544,"E"
684,3816839,"E"
685,16037202,"E"
686,984741,"E"
687,2252978,"E"
688,1594633,"E"
689,1975141,"E"
690,86373,"E"
691,1355699,"E"
692,57833,"E"
693,986283,"E"
694,55228218,"E"
695,81857473,"E"
696,64702570,"E"
697,23180770,"E"
698,5923308,"E"
699,12703127,"E"
700,54630839,"E"
701,6999379,"E"
702,292791,"E"
703,1759563,"E"
704,8814351,"E"
705,204416523,"E"
706,4972345,"E"
707,728759,"E"
708,221797,"E"
709,14290329,"E"
710,9720704,"E"
711,1008030,"E"
712,14884112,"E"
713,2184993,"E"
714,3151318,"E"
715,1039390,"E"
716,7609809,"E"
717,8638497,"E"
718,1514306,"E"
719,8459,"E"
720,610227,"E"
721,437721,"E"
722,697141,"E"
723,52781,"E"
724,748794,"E"
725,1342272,"E"
726,1049927,"E"
727,17466,"E"
728,218708,"E"
729,11200507,"E"
730,11809380,"E"
731,9941503,"E"
732,71714,"E"
733,126708,"E"
734,8798088,"E"
735,18415658,"E"
736,155902,"E"
737,22673258,"E"
738,10031381,"E"
739,185183,"E"
740,2508845,"E"
741,5443,"E"
742,14547,"E"
743,1063738,"E"
744,900924,"E"
745,361815,"E"
746,1401906,"E"
747,1202880,"E"
748,1439095,"E"
749,81490,"E"
750,4596893,"E"
751,2090926,"E"
752,154801,"E"
753,34076,"E"
754,246739,"E"
755,5315445,"E"
756,598665,"E"
757,1533861,"E"
758,3708087,"E"
759,1716618,"E"
760,343875,"E"
761,3572750,"E"
762,3384706,"E"
763,1361941,"E"
764,2027615,"E"
765,446416,"E"
766,130570,"E"
767,1779438,"E"
768,559489,"E"
769,173786,"E"
770,126001,"E"
771,1445371,"E"
772,1684069,"E"
773,785718,"E"
774,15618505,"E"
775,8125416,"E"
776,3860433,"E"
777,5388774,"E"
778,5272159,"E"
779,7277494,"E"
780,629387,"E"
781,226827,"E"
782,2790,"E"
783,83716,"E"
784,19098909,"E"
785,1324028,"E"
786,156013146,"E"
787,8475756,"E"
788,944334,"E"
789,1540657,"E"
790,1216810,"E"
791,2916128,"E"
792,15630158,"E"
793,3275166,"E"
794,1439392,"E"
795,96206,"E"
796,896448,"E"
797,270134,"E"
798,242608,"E"
799,88339,"E"
800,1744555,"E"
801,334044,"E"
802,117502,"E"
803,24812181,"E"
804,19482251,"E"
805,5480055,"E"
806,1008669,"E"
807,1516165,"E"
808,526170,"E"
809,1915531,"E"
810,1980426,"E"
811,2519961,"E"
812,2384558,"E"
813,22903452,"E"
814,4788625,"E"
815,23571502,"E"
816,19934120,"E"
817,21982,"E"
818,1555625,"E"
819,12624,"E"
820,11201150,"E"
821,4391993,"E"
822,26043,"E"
823,5141169,"E"
824,10340071,"E"
825,136651,"E"
826,2313204,"E"
827,5029258,"E"
828,1908209,"E"
829,1302411,"E"
830,13775299,"E"
831,17798535,"E"
832,22064769,"E"
833,43329,"E"
834,757852,"E"
835,6119058,"E"
836,21271386,"E"
837,13701669,"E"
838,3232564,"E"
839,3715916,"E"
840,5287412,"E"
841,7408786,"E"
842,10183897,"E"
843,2058929,"E"
844,6643815,"E"
845,5518897,"E"
846,605297,"E"
847,5270701,"E"
848,492180,"E"
849,490595,"E"
850,3187782,"E"
851,1007897,"E"
852,341796,"E"
853,3814027,"E"
854,2407137,"E"
855,5357616,"E"
856,4788269,"E"
857,13401581,"E"
858,764518,"E"
859,1381049,"E"
860,4986,"E"
861,8438,"E"
862,5333909,"E"
863,3328597,"E"
864,813766,"E"
865,24166345,"E"
866,14924074,"E"
867,1270693,"E"
868,297990,"E"
869,5268179,"E"
870,62583,"E"
871,131293,"E"
872,7606067,"E"
873,20795658,"E"
874,12241609,"E"
875,5018340,"E"
876,127259,"E"
877,747933,"E"
878,13167915,"E"
879,744311,"E"
880,53342,"E"
881,1223621,"E"
882,12591568,"E"
883,213407,"E"
884,18897501,"E"
885,1410306,"E"
886,6065910,"E"
887,4221432,"E"
888,217070,"E"
889,6369622,"E"
890,122996921,"E"
891,554918,"E"
892,1670423,"E"
893,842325,"E"
894,15155366,"E"
895,7517363,"E"
896,2838237,"E"
897,1480196,"E"
898,1232567,"E"
899,366444,"E"
900,535456,"E"
901,1322566,"E"
902,115919,"E"
903,415062,"E"
904,1008869,"E"
905,1858720,"E"
906,249561,"E"
907,3410293,"E"
908,8487,"E"
909,20975,"E"
910,298230,"E"
911,29798,"E"
912,5524089,"E"
913,27962817,"E"
914,5932412,"E"
915,11401,"E"
916,2334945,"E"
917,2464556,"E"
918,92270,"E"
919,3053,"E"
920,237703,"E"
921,4294175,"E"
922,26321,"E"
923,8784996,"E"
924,10868972,"E"
925,4351978,"E"
926,5481952,"E"
927,4336150,"E"
928,15575025,"E"
929,137153,"E"
930,2063926,"E"
931,405788,"E"
932,16169009,"E"
933,696072,"E"
934,707609,"E"
935,534016,"E"
936,36644864,"E"
937,30495875,"E"
938,25279,"E"
939,4719036,"E"
940,6869578,"E"
941,37921414,"E"
942,1134280,"E"
943,482867,"E"
944,67641,"E"
945,104003,"E"
946,1403234,"E"
947,4437355,"E"
948,130906,"E"
949,4827365,"E"
950,1515179,"E"
951,476123,"E"
952,1388690,"E"
953,1732187,"E"
954,3742488,"E"
955,84822,"E"
956,41798014,"E"
957,97338906,"E"
958,1384497,"E"
959,2444547,"E"
960,58253333,"E"
961,4705240,"E"
962,78754,"E"
963,4922422,"E"
964,4759371,"E"
965,4239293,"E"
966,8571975,"E"
967,4524946,"E"
968,214463,"E"
969,3567225,"E"
970,63721,"E"
971,1273188,"E"
972,68830,"E"
973,1431174,"E"
974,20854926,"E"
975,20703723,"E"
976,485043,"E"
977,28371524,"E"
978,1577007,"E"
979,15496832,"E"
980,1187873,"E"
981,1774668,"E"
982,1682418,"E"
983,4132946,"E"
984,1163800,"E"
985,95633,"E"
986,533529,"E"
987,1870732,"E"
988,17821117,"E"
989,1529123,"E"
990,3914910,"E"
991,2447468,"E"
992,256839,"E"
993,11046925,"E"
994,1452144,"E"
995,5175406,"E"
996,959889,"E"
997,1526971,"E"
998,1249769,"E"
999,178626,"E"
1000,478939,"E"
